id,drugname,mapping
23,1) RENAPRIL 5MG 5mg,47
27,"2) NOVOXIM-500 0,5g",10
30,3) HOẠT HUYẾT DƯỠNG NÃO 150mg+20mg,64
25,1) GLUCOFAST 850 850mg,55
30,2) DIAMICRON MR TAB 30MG 60'S 30mg,37
34,3) ENALAPRIL 5mg,46
24,1) MEGLUCON 1000 1000mg,56
24,1) TROYSAR AM 5mg +50mg,1
28,2) LENINARTO 10 10mg,14
32,3) STACETAM 800MG 800mg,92
22,"1) CEFADROXIL 500MG 0,5g",43
27,2) PARTAMOL TAB. 500mg,91
23,"1) CEFADROXIL 500MG 0,5g",43
28,2) PARTAMOL TAB. 500mg,91
22,"1) CEFADROXIL 500MG 0,5g",43
27,2) PARTAMOL TAB. 500mg,91
22,"1) CEFADROXIL 500MG 0,5g",43
27,2) PARTAMOL TAB. 500mg,91
22,"1) CEFADROXIL 500MG 0,5g",43
27,2) PARTAMOL TAB. 500mg,91
23,"1) CEFADROXIL 500MG 0,5g",43
28,2) PARTAMOL TAB. 500mg,91
24,"1) CEFADROXIL 500MG 0,5g",43
29,2) PARTAMOL TAB. 500mg,91
24,"1) CEFADROXIL 500MG 0,5g",43
29,2) PARTAMOL TAB. 500mg,91
22,"1) CEFADROXIL 500MG 0,5g",43
27,2) PARTAMOL TAB. 500mg,91
24,"1) CEFADROXIL 500MG 0,5g",43
29,2) PARTAMOL TAB. 500mg,91
23,1) TROYSAR AM 5mg +50mg,1
27,2) LENINARTO 10 10mg,14
31,3) STACETAM 800MG 800mg,92
22,"1) CEFADROXIL 500MG 0,5g",43
27,2) PARTAMOL TAB. 500mg,91
24,1) CEFADROXIL 500MG 500mg,19
27,2) VACO LORATADINE 10mg,71
30,3) PANACTOL 500mg,91
33,4) COSYNDO B 175mg+175mg+125mcg,104
29,1) MEGLUCON 1000 1000mg,56
33,2) GOLDDICRON 30mg,37
37,"3) HANGITOR PLUS 40mg+12,5mg",79
41,4) KAGASDINE 20mg,87
45,5) CHORLATCYN 125mg+50mg+50mg+25mg,97
20,1) KAVASDIN 5 5mg,8
23,2) DICLOFENAC 50mg,40
26,3) MYPARA 500 500mg,89
23,1) MYPARA 500 500mg,99
23,1) MYPARA 500 500mg,99
12,1) Metformin (Metformin 500) 500mg,54
15,2) Atorvastatin (Atoris 20mg) 20mg,15
23,"1) CEFADROXIL 0,5g",43
28,2) MYPARA 500 500mg,89
33,3) MENISON 16MG 16mg,75
11,1) Amoxicilin (Fabamox 500) 500mg,10
14,"2) Đinh lăng, bạch quả (Hoạt huyết dưỡng não) 150mg+20mg",64
22,1) FABAMOX 500 500mg,10
27,2) HOẠT HUYẾT DƯỠNG NÃO 150mg+20mg,64
25,1) TROYSAR AM 5mg +50mg,1
30,2) LENINARTO 10 10mg,14
34,3) STACETAM 800MG 800mg,92
21,1) FABAMOX 500 500mg,10
26,2) HOẠT HUYẾT DƯỠNG NÃO 150mg+20mg,64
24,1) PANACTOL 500mg,99
29,2) VITAMIN C STADA 1G 1g,105
21,1) CARDILOPIN 5mg,8
25,2) HOẠT HUYẾT DƯỠNG NÃO 150mg+20mg,64
29,3) COSYNDO B 175mg+175mg+125mcg,104
22,"1) CEFADROXIL 500MG 0,5g",19
27,2) DIXIREIN 375mg,2
32,3) PARTAMOL TAB. 500mg,91
22,"1) DROXICEF 0,5g",43
27,2) DIXIREIN 375mg,2
24,"1) DROXICEF 0,5g",43
29,2) DIXIREIN 375mg,2
22,1) KAVASDIN 5 5mg,8
26,2) ENALAPRIL 5mg,46
30,3) AMOXICILIN 500MG 500mg,10
35,4) PANACTOL 500mg,89
21,"1) NOVOXIM-500 0,5g",10
21,"1) NOVOXIM-500 0,5g",10
23,"1) MELOXICAM 7,5mg",81
28,2) HOẠT HUYẾT DƯỠNG NÃO BDF 150mg+5mg,64
33,"3) CEFACYL 500 0,5g",61
22,1) TROYSAR AM 5mg +50mg,1
26,2) LENINARTO 10 10mg,14
30,3) STACETAM 800MG 800mg,92
22,"1) CEFADROXIL 500MG 0,5g",19
27,2) DIXIREIN 375mg,2
32,3) PANACTOL 500mg,91
22,"1) CEFADROXIL 500MG 0,5g",19
27,2) DIXIREIN 375mg,2
32,3) PANACTOL 500mg,91
24,1) SAVILOSARTAN 50 50mg,72
26,1) SAVI LOSARTAN 50 50mg,72
27,"1) EBITAC 12.5 10mg + 12,5mg",45
31,2) SAVI PROLOL 5 5mg,31
35,3) BỐ HUYẾT ÍCH NÃO BDF 40mg+300mg,65
22,1) PAMLONOR 5mg,8
26,2) ENALAPRIL 5mg,46
31,3) HOẠT HUYẾT DƯỠNG NÃO 150mg+20mg,64
12,1) Metformin (Metformin 500) 500mg,54
15,"2) Bisoprolol (SaviProlol 2,5) 2,5mg",41
22,"1) NOVOXIM-500 0,5g",10
25,2) METRONIDAZOL 250mg,51
23,"1) CEPHALEXIN PMP 500 0,5g",26
26,2) METHYLSOLONE 16MG 16mg,73
29,3) SETBLOOD 115mg+100mg+50mcg,104
26,"1) HANGITOR PLUS 40mg+12,5mg",79
30,2) MEZAFEN 60mg,78
25,1) FUDCIME 200MG 200mg,34
30,2) BROMHEXIN ACTAVIS 8MG 8mg,59
35,3) VIPREDNI 16MG 16mg,73
39,4) PARTAMOL TAB. 500mg,89
13,"1) Telmisartan % hydroclorothiazid (Hangitor plus) 40mg+12,5mg",79
16,2) Loxoprofen (Mezafen) 60mg,78
22,1) HOẠT HUYẾT DƯỠNG NÃO QN 150mg+20mg,64
25,2) LIVONIC 2500mg+400mg+500mg+85mg,68
11,"1) Cefalexin (Firstlexin 500) 0,5g",26
14,2) Paracetamol (Partamol Tab.) 500mg,91
17,3) Metronidazol (Metronidazol 250) 250 mg,51
11,"1) Cefalexin (Firstlexin 500) 0,5g",26
14,2) Paracetamol (Partamol Tab.) 500mg,91
17,3) Metronidazol (Metronidazol 250) 250 mg,51
10,"1) Cefalexin (Firstlexin 500) 0,5g",26
13,2) Methyl prednisolon (Methylprednisolon 4) 4mg,74
16,3) Carbocistein (Anpemux) 250mg,2
11,"1) Cefalexin (Firstlexin 500) 0,5g",26
14,2) Methyl prednisolon (Methylprednisolon 4) 4mg,74
17,3) Carbocistein (Anpemux) 250mg,2
25,1) GOLDDICRON 30mg,37
23,1) GOLDDICRON 30mg,37
22,1) SAVILOSARTAN 50 50mg,72
25,2) COSYNDO B 175mg+175mg+125mcg,104
24,1) SAVILOSARTAN 50 50mg,72
27,2) COSYNDO B 175mg+175mg+125mcg,104
23,1) PARACETAMOL 500MG 500mg,99
28,"2) STATRIPSINE 4,2mg",7
25,"1) CEPHALEXIN PMP 500 0,5g",26
28,2) TYDOL PM 500mg + 25mg,60
31,"3) KATRYPSIN 4,2mg",7
25,"1) CEFADROXIL 500MG 0,5g",43
30,2) PARTAMOL TAB. 500mg,91
35,"3) KATRYPSIN 4,2mg",7
24,1) KAVASDIN 5 5mg,8
28,2) MEDIBOGAN 200mg + 150mg + 16mg,52
12,1) Paracetamol (Partamol Tab.) 500mg,99
23,1) PARTAMOL TAB. 500mg,99
24,1) PARTAMOL TAB. 500mg,99
22,"1) DROXICEF 500MG 0,5g",43
27,2) PANACTOL 500mg,91
32,3) CLORPHENIRAMIN 4mg,29
22,"1) DROXICEF 500MG 0,5g",43
27,2) PANACTOL 500mg,91
32,3) CLORPHENIRAMIN 4mg,29
20,1) DICLOFENAC 50mg,40
23,2) COSYNDO B 175mg+175mg+125mcg,104
11,1) Amoxicilin (Fabamox 500) 500mg,10
14,2) Paracetamol (Partamol Tab.) 500mg,89
17,3) Carbocistein (Anpemux) 250mg,2
22,1) METRONIDAZOL 250mg,51
27,2) FAMOGAST 40mg,50
21,"1) CEFACYL 500 0,5g",26
24,2) VACO LORATADINE 10mg,71
27,3) BROMHEXIN ACTAVIS 8MG 8mg,63
10,1) Metronidazol (Metronidazol 250) 250 mg,51
13,2) Drotaverin clohydrat (Dromasm fort) 80mg,36
16,3) Paracetamol (Partamol Tab.) 500mg,99
23,1) AMOXICILIN 500MG 500mg,10
26,2) METRONIDAZOL 250 250mg,51
21,1) VACO LORATADINE 10mg,70
26,2) CHORLATCYN 125mg;50mg;50mg;25mg,97
31,3) HOẠT HUYẾT DƯỠNG NÃO 150mg+20mg,64
22,"1) CEFACYL 500 0,5g",26
27,2) HOẠT HUYẾT DƯỠNG NÃO 150mg+20mg,64
32,3) PARTAMOL TAB. 500mg,91
24,1) FABAMOX 500 500mg,10
29,2) METRONIDAZOL 250 250mg,51
34,3) PARTAMOL TAB. 500mg,91
19,1) BLOZA 50mg,33
22,2) SERGUROP 10mg,5
23,"1) CEFADROXIL 500MG 0,5g",19
28,2) DIXIREIN 375mg,2
33,3) PANACTOL 500mg,91
23,"1) CEFADROXIL 500MG 0,5g",19
28,2) DIXIREIN 375mg,2
33,3) PANACTOL 500mg,91
28,"1) HANGITOR PLUS 40mg+12,5mg",79
32,"2) SAVIPROLOL 2,5 2,5mg",41
36,3) ATORIS 20MG 20mg,15
27,1) FUDCIME 200MG 200mg,34
32,2) STACETAM 800MG 800mg,92
23,1) DIXIREIN 375mg,2
24,1) CHORLATCYN 125mg;50mg;50mg;25mg,97
29,2) VINA-AD 2000ui+ 400ui,103
23,"1) CEFADROXIL 0,5g",19
28,2) MENISON 16MG 16mg,73
32,3) BROMHEXIN ACTAVIS 8MG 8mg,59
38,4) SETBLOOD 115mg+100mg+50mcg,104
24,"1) CEFADROXIL 0,5g",19
29,2) MENISON 16MG 16mg,73
33,3) BROMHEXIN ACTAVIS 8MG 8mg,59
38,4) SETBLOOD 115mg+100mg+50mcg,104
23,1) TROYSAR AM 5mg +50mg,1
23,1) TROYSAR AM 5mg +50mg,1
22,1) TROYSAR AM 5mg +50mg,1
24,1) TROYSAR AM 5mg +50mg,1
24,1) TROYSAR AM 5mg +50mg,1
22,1) TROYSAR AM 5mg +50mg,1
22,1) FUDCIME 200MG 200mg,34
27,2) STACETAM 800MG 800mg,92
23,"1) CEFADROXIL 0,5g",43
28,2) MYPARA 500 500mg,89
33,"3) STATRIPSINE 4,2mg",7
21,"1) HAPENXIN CAPSULES 0,5g",26
24,2) BROMHEXIN ACTAVIS 8mg,59
27,3) TYDOL PM 500mg + 25mg,101
11,1) Amoxicilin (Fabamox 500) 500mg,10
14,2) Paracetamol (Partamol Tab.) 500mg,91
17,3) Methyl prednisolon (Methylprednisolon 4) 4mg,74
12,1) Amoxicilin (Fabamox 500) 500mg,10
15,2) Paracetamol (Partamol Tab.) 500mg,91
18,3) Methyl prednisolon (Methylprednisolon 4) 4mg,74
24,1) KAVASDIN 5 5mg,8
27,"2) DROXICEF 500MG 0,5g",43
30,3) PANACTOL 500mg,91
33,4) CLORPHENIRAMIN 4mg,29
24,"1) CEFADROXIL 500MG 0,5g",43
29,2) PANACTOL 500mg,91
34,"3) KATRYPSIN 4,2mg",7
23,"1) CEFADROXIL 500MG 0,5g",19
28,2) DIXIREIN 375mg,2
33,3) VIPREDNI 16MG 16mg,77
37,4) PANACTOL 500mg,91
23,1) AMOXICILIN 500MG 500mg,10
26,2) PARTAMOL TAB. 500mg,91
29,3) HOẠT HUYẾT DƯỠNG NÃO 150mg+20mg,64
24,1) KAVASDIN 5 5mg,8
28,2) PARACETAMOL 500MG 500mg,89
33,3) HOẠT HUYẾT DƯỠNG NÃO 150mg+20mg,64
25,"1) CEFADROXIL 0,5g",43
30,2) PARTAMOL TAB. 500mg,91
35,3) BROMHEXIN ACTAVIS 8MG 8mg,59
13,1) Loxoprofen (Mezafen) 60mg,40
16,"2) Đinh lăng, bạch quả (Hoạt huyết dưỡng não) 150mg+20mg",64
23,"1) AMOXICILLIN 500MG 0,5g",10
28,2) CLORPHENIRAMIN 4mg,29
21,1) HOẠT HUYẾT DƯỠNG NÃO 150mg+20mg,64
26,2) CLORPHENIRAMIN 4mg,29
25,"1) NOVOXIM-500 0,5g",10
30,2) PANACTOL 500mg,99
35,3) ANPEMUX 250mg,2
40,4) HOẠT HUYẾT DƯỠNG NÃO BDF 150mg+5mg,64
28,1) METRONIDAZOL 250 250mg,51
33,2) DROMASM FORT 80mg,36
38,3) FABAMOX 500 500mg,10
43,4) BỐ HUYẾT ÍCH NÃO BDF 40mg+300mg,65
48,5) CHORLATCYN 125mg+50mg+50mg+25mg,97
20,"1) NOVOXIM-500 0,5g",10
25,2) HOẠT HUYẾT DƯỠNG NÃO 150mg+20mg,64
30,3) MYPARA 500 500mg,99
22,1) KAVASDIN 5 5mg,8
25,"2) XITORAN 0,5g",24
28,3) MYPARA 500 500mg,89
25,1) METRONIDAZOL 250 250mg,51
30,2) DROMASM FORT 80mg,36
35,3) Bố GAN P/H 125mg+100mg+25mg,18
22,1) KAVASDIN 5 5mg,8
26,"2) XITORAN 0,5g",24
31,3) MYPARA 500 500mg,89
22,"1) DROXICEF 500MG 0,5g",43
27,2) DICLOFENAC 50mg,40
23,1) AMOXICILIN 500MG 500mg,10
28,2) DROMASM FORT 80mg,48
25,1) MEGLUCON 1000 1000mg,56
24,1) MEZAFEN 60mg,40
29,2) HOẠT HUYẾT DƯỠNG NÃO 150mg+20mg,64
28,1) MEGLUCON 1000 1000mg,56
33,2) PAMLONOR 5mg,8
21,1) AMOXICILIN 500MG 500mg,10
26,2) HOẠT HUYẾT DƯỠNG NÃO 150mg+20mg,64
31,3) PARTAMOL TAB. 500mg,91
22,"1) NOVOXIM-500 0,5g",10
27,2) PANACTOL 500mg,99
32,3) CLORPHENIRAMIN 4mg,29
13,"1) Cefalexin (Firstlexin 500) 0,5g",26
16,2) Paracetamol (Partamol Tab.) 500mg,91
19,3) Metronidazol (Metronidazol 250) 250 mg,51
22,"4) Đinh lăng, bạch quả (Hoạt huyết dưỡng não) 150mg+20mg",64
11,"1) Cefalexin (Firstlexin 500) 0,5g",26
14,2) Paracetamol (Partamol Tab.) 500mg,91
17,3) Metronidazol (Metronidazol 250) 250 mg,51
20,"4) Đinh lăng, bạch quả (Hoạt huyết dưỡng não) 150mg+20mg",64
23,1) METRONIDAZOL 250 250mg,51
28,2) FABAMOX 500 500mg,10
33,3) PARTAMOL TAB. 500mg,99
24,"1) CEFADROXIL 500MG 0,5g",19
29,2) DIXIREIN 375mg,2
34,3) VIPREDNI 16MG 16mg,77
22,1) KAVASDIN 5 5mg,8
25,2) HOẠT HUYẾT DƯỠNG NÃO 150mg+20mg,64
28,3) COSYNDO B 175mg+175mg+125mcg,104
21,"1) CEFADROXIL 0,5g",19
26,2) METRONIDAZOL 250mg,51
31,3) MYPARA 500 500mg,89
22,1) FABAMOX 500 500mg,10
27,2) MEZAFEN 60mg,78
32,3) HOẠT HUYẾT DƯỠNG NÃO 150mg+20mg,64
24,1) MEZAFEN 60mg,40
29,2) HOẠT HUYẾT DƯỠNG NÃO 150mg+20mg,64
21,"1) AMOXICILLIN 500MG 0,5g",10
24,2) PANACTOL 500mg,91
27,3) COSYNDO B 175mg+175mg+125mcg,104
22,"1) CEFADROXIL 500MG 0,5g",43
22,"1) CEFADROXIL 500MG 0,5g",43
22,"1) CEFADROXIL 500MG 0,5g",43
22,1) AMOXICILIN 500MG 500mg,10
27,2) PARTAMOL TAB. 500mg,91
32,3) HOẠT HUYẾT DƯỠNG NÃO 150mg+20mg,64
26,1) DICLOFENAC 50mg,39
23,1) HOẠT HUYẾT DƯỠNG NÃO 150mg+20mg,64
28,2) PARTAMOL TAB. 500mg,89
33,3) VINA-AD 2000ui+ 400ui,103
23,"1) AMOXICILLIN 500MG 0,5g",10
26,2) PANACTOL 500mg,90
29,3) CLORPHENIRAMIN 4mg,29
23,"1) AMOXICILLIN 500MG 0,5g",10
26,2) PANACTOL 500mg,90
29,3) CLORPHENIRAMIN 4mg,29
22,1) AMOXICILIN 500MG 500mg,10
27,2) METRONIDAZOL 250 250mg,51
32,3) PARTAMOL TAB. 500mg,91
37,4) HOẠT HUYẾT DƯỠNG NÃO 150mg+20mg,64
21,1) MEZAFEN 60mg,40
26,2) HOẠT HUYẾT DƯỠNG NÃO 150mg+20mg,64
22,"1) CEFADROXIL 0,5g",43
27,2) MYPARA 500 500mg,89
32,"3) STATRIPSINE 4,2mg",7
11,"1) Cefalexin (Firstlexin 500) 0,5g",26
14,2) Drotaverin clohydrat (Dromasm fort) 80mg,48
17,"3) Kim tiền thảo, râu ngô (Kim tiền thảo) 120mg+35mg",67
11,"1) Cefalexin (Firstlexin 500) 0,5g",26
14,2) Drotaverin clohydrat (Dromasm fort) 80mg,48
17,"3) Kim tiền thảo, râu ngô (Kim tiền thảo) 120mg+35mg",67
23,"1) CEFACYL 500 0,5g",26
26,2) BROMHEXIN ACTAVIS 8MG 8mg,59
29,3) COSYNDO B 175mg+175mg+125mcg,104
22,1) METFORMIN 500 500mg,54
23,"1) CEFADROXIL 500MG 0,5g",43
28,2) VIPREDNI 16MG 16mg,75
32,3) PANACTOL 500mg,91
23,"1) CEFADROXIL 500MG 0,5g",43
28,2) VIPREDNI 16MG 16mg,75
32,3) PARTAMOL TAB. 500mg,91
21,"1) AMOXICILLIN 500MG 0,5g",10
24,2) PARACETAMOL 500MG 500mg,99
27,3) VACO LORATADINE 10mg,71
23,"1) HAPENXIN CAPSULES 0,5g",26
26,2) TYDOL PM 500mg + 25mg,60
29,3) CHORLATCYN 125mg+50mg+50mg+25mg,97
23,"1) HAPENXIN CAPSULES 0,5g",26
26,2) TYDOL PM 500mg + 25mg,60
29,3) CHORLATCYN 125mg+50mg+50mg+25mg,97
11,1) Amoxicilin (Fabamox 500) 500mg,10
14,2) Drotaverin clohydrat (Dromasm fort) 80mg,36
23,1) AMOXICILIN 500MG 500mg,10
28,2) TYDOL PM 500mg + 25mg,101
33,"3) KATRYPSIN 4,2mg",7
24,"1) CEFADROXIL 500MG 0,5g",43
29,2) METRONIDAZOL 250 250mg,51
22,"1) CEFADROXIL 500MG 0,5g",43
27,2) METRONIDAZOL 250 250mg,51
24,"1) CEFADROXIL 500MG 0,5g",19
29,"2) KATRYPSIN 4,2mg",7
34,3) PARTAMOL TAB. 500mg,91
22,1) PARTAMOL TAB. 500mg,99
27,"2) STATRIPSINE 4,2mg",7
32,3) COSYNDO B 175mg+175mg+125mg,104
22,"1) AMOXICILLIN 500MG 0,5g",10
27,2) PANACTOL 500mg,91
32,3) CLORPHENIRAMIN 4mg,29
22,1) AMOXICILIN 500MG 500mg,10
27,2) PANACTOL 500mg,91
32,3) CLORPHENIRAMIN 4mg,29
23,1) METRONIDAZOL 250 250mg,51
28,2) PANACTOL 500mg,99
23,1) PANACTOL 500mg,99
28,2) HOẠT HUYẾT DƯỠNG NÃO QN 150mg+20mg,64
22,1) PANACTOL 500mg,99
27,2) HOẠT HUYẾT DƯỠNG NÃO 150mg+20mg,64
12,1) Metformin (Metformin 500) 500mg,54
15,2) Gliclazid (Golddicron) 30mg,42
18,"3) Đinh lăng, bạch quả (Hoạt huyết dưỡng não) 150mg+20mg",64
23,1) PANACTOL 500mg,99
28,2) HOẠT HUYẾT DƯỠNG NÃO 150mg+20mg,64
24,1) PANACTOL 500mg,99
29,2) HOẠT HUYẾT DƯỠNG NÃO 150mg+20mg,64
23,1) AMOXICILIN 500MG 500mg,10
26,2) METRONIDAZOL 250 250mg,51
29,3) BROMHEXIN ACTAVIS 8mg,63
32,4) HOẠT HUYẾT DƯỠNG NÃO QN 150mg+20mg,64
23,"1) CEFADROXIL 0,5g",19
28,2) BROMHEXIN ACTAVIS 8MG 8mg,59
33,3) VIPREDNI 16MG 16mg,73
21,"1) CEFACYL 500 0,5g",26
26,2) PARTAMOL TAB. 500mg,91
23,1) AMOXICILIN 500MG 500mg,10
26,2) METRONIDAZOL 250 250mg,51
29,3) TYDOL PM 500mg + 25mg,60
23,"1) HAPENXIN CAPSULES 0,5g",61
28,2) CLORPHENIRAMIN 4mg,29
23,"1) HAPENXIN CAPSULES 0,5g",61
28,2) CLORPHENIRAMIN 4mg,29
12,1) Amoxicilin (Fabamox 500) 500mg,10
15,2) Paracetamol (Partamol Tab.) 500mg,89
18,3) Carbocistein (Anpemux) 250mg,2
21,"4) Đinh lăng, bạch quả (Hoạt huyết dưỡng não) 150mg+20mg",64
23,"1) HAPENXIN CAPSULES 0,5g",61
26,2) METRONIDAZOL 250 250mg,51
29,3) PARTAMOL TAB. 500mg,89
11,1) Metformin (Metformin 500) 500mg,54
14,2) Gliclazid (Golddicron) 30mg,42
17,"3) Đinh lăng, bạch quả (Hoạt huyết dưỡng não) 150mg+20mg",64
19,"1) HAPENXIN CAPSULES 0,5g",61
22,2) METRONIDAZOL 250 250mg,51
25,3) PARTAMOL TAB. 500mg,89
25,1) METRONIDAZOL 250mg,51
23,"1) DROXICEF 500MG 0,5g",43
28,2) PARTAMOL TAB. 500mg,91
33,3) HOẠT HUYẾT DƯỠNG NÃO 150mg+20mg,64
21,"1) NOVOXIM-500 0,5g",10
24,2) PARTAMOL TAB. 500mg,89
27,3) HOẠT HUYẾT DƯỠNG NÃO 150mg+20mg,64
24,1) CEFADROXIL 500MG 500mg,19
29,2) BROMHEXIN ACTAVIS 8MG 8mg,59
34,3) MENISON 16MG 16mg,73
38,4) MYPARA 500 500mg,89
23,1) AMOXICILIN 500MG 500mg,10
26,2) TYDOL PM 500mg + 25mg,60
29,3) SERGUROP 10mg,70
23,"1) CEFADROXIL 500MG 0,5g",19
28,2) DIXIREIN 375mg,21
33,3) VIPREDNI 16MG 16mg,77
22,"1) XITORAN 0,5g",24
27,2) HOẠT HUYẾT DƯỠNG NÃO 150mg+20mg,64
22,"1) CEFADROXIL 0,5g",43
27,2) MYPARA 500 500mg,89
32,3) RENAPRIL 5MG 5mg,47
24,1) CARUDXAN 2mg,23
28,"2) CEFADROXIL 500MG 0,5g",19
22,"1) DROXICEF 500MG 0,5g",19
27,2) HOẠT HUYẾT DƯỠNG NÃO 150mg+20mg,64
23,"1) STATRIPSINE 4,2mg",7
28,2) PARTAMOL TAB. 500mg,89
33,3) COSYNDO B 175mg+175mg+125mcg,104
19,"1) NOVOXIM-500 0,5g",82
22,2) BROMHEXIN ACTAVIS 8MG 8mg,59
26,3) CLORPHENIRAMIN 4mg,29
28,4) PARTAMOL TAB. 500mg,91
24,"1) CEFADROXIL 0,5g",43
29,2) MYPARA 500 500mg,89
34,3) VACO LORATADINE 10mg,70
40,4) SETBLOOD 115mg+100mg+50mcg,104
29,1) MEGLUCON 1000 1000mg,56
34,2) ENALAPRIL 5mg,46
23,1) TYDOL PM 500mg + 25mg,1
28,2) HOẠT HUYẾT DƯỠNG NÃO QN 150mg+20mg,64
24,1) CARDILOPIN 5mg,8
29,2) PARTAMOL TAB. 500mg,91
34,3) MEDIBOGAN 200mg + 150mg + 16mg,52
25,"1) CEFADROXIL 0,5g",43
30,2) MYPARA 500 500mg,91
35,3) VIPREDNI 16MG 16mg,75
22,"1) CEFACYL 500 0,5g",26
27,2) BROMHEXIN ACTAVIS 8MG 8mg,59
32,3) MENISON 16MG 16mg,73
38,4) COSYNDO B 175mg+175mg+125mcg,104
24,1) CARDILOPIN 5mg,22
27,"2) CEFACYL 500 0,5g",26
30,3) PARACETAMOL 500MG 500mg,99
23,"1) CEFADROXIL 0,5g",43
28,2) MYPARA 500 500mg,91
33,3) VIPREDNI 16MG 16mg,75
21,1) Bố GAN P/H 125mg+100mg+25mg,18
24,2) SERGUROP 10mg,70
27,"3) XITORAN 0,5g",43
22,"1) CEFACYL 500 0,5g",26
27,2) PARACETAMOL 500MG 500mg,91
24,1) FABAMOX 500MG 500mg,49
27,2) TYDOL PM 500mg + 25mg,101
30,3) BROMHEXIN ACTAVIS 8mg,63
22,"1) CEPHALEXIN 250MG 0,25g",25
22,1) MEGLUCON TAB 850MG 3X10'S 850mg,55
27,2) GLUZITOP MR 60 60mg,38
13,"1) Telmisartan % hydroclorothiazid (Hangitor plus) 40mg+12,5mg",79
16,"2) Bisoprolol (SaviProlol 2,5) 2,5mg",41
19,"3) Đinh lăng, bạch quả (Hoạt huyết dưỡng não) 150mg+20mg",15
22,4) Atorvastatin (Atoris 20mg) 20mg,64
22,1) MEGLUCON 1000 1000mg,56
12,"1) Telmisartan % hydroclorothiazid (Hangitor plus) 40mg+12,5mg",79
15,"2) Bisoprolol (SaviProlol 2,5) 2,5mg",41
18,"3) Đinh lăng, bạch quả (Hoạt huyết dưỡng não) 150mg+20mg",15
21,4) Atorvastatin (Atoris 20mg) 20mg,64
20,1) KAVASDIN 5 5mg,8
23,2) VENRUTINE 100mg +500mg,95
22,1) KAVASDIN 5 5mg,8
25,2) VENRUTINE 100mg +500mg,95
22,1) CEFADROXIL 500MG 500mg,43
25,"2) KATRYPSIN 4,2mg",7
28,3) PARACETAMOL 500MG 500mg,99
31,4) C1000 FLOODE 1g,106
29,1) GLUCOFAST 500 500mg,54
34,2) LAZIBET MR 60 60mg,38
38,3) ENALAPRIL 5mg,46
42,4) METRONIDAZOL 250mg,51
25,1) MILURIT 300mg,80
29,2) GOUTCOLCIN 1mg,30
25,1) INGARON 200 DST 200mg,27
30,2) PANACTOL 500mg,89
35,3) DIXIREIN 375mg,2
40,4) VIPREDNI 16MG 16mg,73
23,"1) HAPENXIN CAPSULES 0,5g",61
28,2) METRONIDAZOL 250 250mg,51
33,3) TYDOL PM 500mg + 25mg,60
26,1) KAVASDIN 5 5mg,8
30,2) CLORPHENIRAMIN 4mg,29
35,3) HOẠT HUYẾT DƯỠNG NÃO 150mg+20mg,64
11,1) Amoxicilin (Fabamox 500) 500mg,10
14,"2) Kim tiền thảo, râu ngô (Kim tiền thảo) 120mg+35mg",67
17,3) Drotaverin clohydrat (Dromasm fort) 80mg,36
22,1) MEGLUCON 1000 1000mg,56
22,1) GLUCOFAST 500 500mg,54
25,2) KAVASDIN 5 5mg,8
22,1) GLUCOFAST 500 500mg,54
25,2) KAVASDIN 5 5mg,8
22,1) GLUCOFAST 500 500mg,54
27,2) KAVASDIN 5 5mg,8
25,1) MEGLUCON TAB 850MG 3X10'S 850mg,55
22,1) MEGLUCON TAB 850MG 3X10'S 850mg,55
23,1) MEGLUCON TAB 850MG 3X10'S 850mg,55
23,1) PAMLONOR 5mg,8
27,2) FABAMOX 500 500mg,10
32,3) PARTAMOL TAB. 500mg,99
24,1) SAVILOSARTAN 50 50mg,72
28,2) DƯỠNG TÂM AN THẦN,44
23,1) CEFIXIM 200 200mg,17
26,2) VACO LORATADINE 10mg,70
23,"1) CEFADROXIL 0,5g",19
28,2) MENISON 16MG 16mg,73
32,3) BROMHEXIN ACTAVIS 8MG 8mg,59
38,4) SETBLOOD 115mg+100mg+50mcg,104
42,5) MYPARA 500 500mg,91
24,1) MEGLUCON 1000 1000mg,56
23,"1) HAPENXIN CAPSULES 0,5g",61
26,2) TYDOL PM 500mg + 25mg,60
29,"3) KATRYPSIN 4,2mg",7
23,1) FABAMOX 500 500mg,10
28,2) PARTAMOL TAB. 500mg,89
33,3) HOẠT HUYẾT DƯỠNG NÃO 150mg+20mg,64
21,"1) NOVOXIM-500 0,5g",82
24,2) PANACTOL 500mg,91
27,3) CLORPHENIRAMIN 4mg,29
23,"1) NOVOXIM-500 0,5g",82
26,2) CLORPHENIRAMIN 4mg,29
29,3) PARTAMOL TAB. 500mg,91
23,1) CEFIXIM 200 200mg,17
28,2) MYPARA 500 500mg,89
22,1) LIVONIC 2500mg+400mg+500mg+85mg,68
27,2) LENINARTO 10 10mg,14
23,"1) CEFADROXIL 0,5g",19
28,2) FAMOGAST 40mg,50
23,1) HOẠT HUYẾT DƯỠNG NÃO 150mg+20mg,64
26,2) MYPARA 500 500mg,89
24,1) PANACTOL 500mg,99
29,"2) KATRYPSIN 4,2mg",7
24,1) PANACTOL 500mg,99
29,"2) KATRYPSIN 4,2mg",7
24,1) MEGLUCON 1000 1000mg,56
24,1) PANACTOL 500mg,99
29,"2) KATRYPSIN 4,2mg",7
24,1) PANACTOL 500mg,99
29,"2) KATRYPSIN 4,2mg",7
23,1) PANACTOL 500mg,99
28,"2) KATRYPSIN 4,2mg",7
22,1) PANACTOL 500mg,99
27,"2) KATRYPSIN 4,2mg",7
28,1) INBACID 10 10mg,14
32,2) ENALAPRIL 5mg,46
28,1) INBACID 10 10mg,14
32,2) ENALAPRIL 5mg,46
10,"1) Telmisartan % hydroclorothiazid (Hangitor plus) 40mg+12,5mg",79
13,2) Atorvastatin (Atoris 20mg) 20mg,15
11,"1) Telmisartan % hydroclorothiazid (Hangitor plus) 40mg+12,5mg",79
14,2) Atorvastatin (Atoris 20mg) 20mg,15
26,"1) HANGITOR PLUS 40mg+12,5mg",79
31,2) ATORIS 20MG 20mg,15
26,"1) HANGITOR PLUS 40mg+12,5mg",79
30,2) ATORIS 20MG 20mg,15
22,1) MEGLUCON 1000 1000mg,56
30,"1) HANGITOR PLUS 40mg+12,5mg",79
34,2) ATORIS 20MG 20mg,15
12,"1) Telmisartan % hydroclorothiazid (Hangitor plus) 40mg+12,5mg",79
15,2) Atorvastatin (Atoris 20mg) 20mg,15
10,"1) Telmisartan % hydroclorothiazid (Hangitor plus) 40mg+12,5mg",79
13,2) Atorvastatin (Atoris 20mg) 20mg,15
29,"1) HANGITOR PLUS 40mg+12,5mg",79
33,2) ATORIS 20MG 20mg,15
12,"1) Telmisartan % hydroclorothiazid (Hangitor plus) 40mg+12,5mg",79
15,2) Atorvastatin (Atoris 20mg) 20mg,15
22,1) AMOXICILIN 500MG 500mg,10
27,2) CLORPHENIRAMIN 4mg,29
32,3) PANACTOL 500mg,90
12,1) Loxoprofen (Mezafen) 60mg,40
15,"2) Vitamin b1 + b6 + b12 (Savi 3B) 100mg+100mg+0,15mg",104
18,"3) Đinh lăng, bạch quả (Hoạt huyết dưỡng não) 150mg+20mg",64
24,1) NIFEDIPIN HASAN 20 RETARD 20mg,84
27,"2) AMOXICILLIN 500MG 0,5g",10
30,3) PARACETAMOL 500MG 500mg,99
33,4) CLORPHENIRAMIN 4mg,29
23,1) COLCHICIN 1mg,30
27,2) SADAPRON 300 300mg,6
31,3) MYPARA 500 500mg,89
26,1) HOẠT HUYẾT DƯỠNG NÃO 150mg+20mg,64
31,2) PARTAMOL TAB. 500mg,89
36,"3) SAVI 3B 100mg+100mg+0,15mg",104
27,1) MEGLUCON 1000 1000mg,56
12,"1) Đinh lăng, bạch quả (Hoạt huyết dưỡng não) 150mg+20mg",64
15,2) Paracetamol (Partamol Tab.) 500mg,89
18,"3) Vitamin b1 + b6 + b12 (Savi 3B) 100mg+100mg+0,15mg",104
26,1) HOẠT HUYẾT DƯỠNG NÃO 150mg+20mg,64
31,2) PARTAMOL TAB. 500mg,89
36,"3) SAVI 3B 100mg+100mg+0,15mg",104
24,1) METFORMIN 500 500mg,54
29,2) DIAMICRON MR TAB 30MG 60'S 30mg,37
24,1) METFORMIN 500 500mg,54
29,2) DIAMICRON MR TAB 60MG 30'S 60mg,37
24,1) METFORMIN 500 500mg,54
29,2) DIAMICRON MR TAB 60MG 30'S 60mg,37
24,1) METFORMIN 500 500mg,54
29,2) DIAMICRON MR TAB 60MG 30'S 60mg,37
26,1) METFORMIN 500 500mg,54
31,2) DIAMICRON MR TAB 60MG 30'S 60mg,37
27,1) METFORMIN 500 500mg,54
32,2) DIAMICRON MR TAB 60MG 30'S 60mg,37
24,1) METFORMIN 500 500mg,54
29,2) DIAMICRON MR TAB 60MG 30'S 60mg,37
27,1) MEGLUCON 1000 1000mg,56
31,2) GOLDDICRON 30mg,37
35,3) CHORLATCYN 125mg+50mg+50mg+25mg,97
27,1) MEGLUCON 1000 1000mg,56
23,1) MILURIT 300mg,80
27,2) GOUTCOLCIN 1mg,30
31,3) PARTAMOL TAB. 500mg,99
21,1) INGARON 200 DST 200mg,27
26,2) PANACTOL 500mg,89
31,3) SERGUROP 10mg,14
26,1) HOẠT HUYẾT DƯỠNG NÃO 150mg+20mg,64
31,"2) HANGITOR PLUS 40mg+12,5mg",79
35,"3) SAVIPROLOL 2,5 2,5mg",41
21,1) BLOZA 50mg,33
25,2) HOẠT HUYẾT DƯỠNG NÃO QN 150mg+20mg,64
24,1) BLOZA 50mg,33
28,2) HOẠT HUYẾT DƯỠNG NÃO QN 150mg+20mg,64
22,"1) AMOXYCILIN 250MG 0,25g",9
25,2) PARTAMOL TAB. 500mg,91
28,3) C1000 FLOODE 1g,106
11,"1) Cefalexin (Firstlexin 500) 0,5g",26
14,"2) Đinh lăng, bạch quả (Hoạt huyết dưỡng não) 150mg+20mg",64
17,3) Methyl prednisolon (Methylprednisolon 4) 4mg,74
20,4) Loratadin (Sergurop) 10mg,70
23,5) Paracetamol (Partamol Tab.) 500mg,91
22,1) METRONIDAZOL 250 250mg,51
27,2) LIVONIC 2500mg+400mg+500mg+85mg,68
23,1) NIFEDIPIN T20 STADA RETARD 20mg,84
27,2) BLOZA 50mg,33
24,1) COSYNDO B 175mg+175mg+125mcg,104
25,1) MEGLUCON 1000 1000mg,56
28,"1) MELOXICAM 7,5mg",81
33,"2) SAVI 3B 100mg+100mg+0,15mg",104
38,3) KAGASDINE 20mg,87
43,4) CHORLATCYN 125mg+50mg+50mg+25mg,97
24,"1) KATRYPSIN 4,2mg",7
29,2) PARTAMOL TAB. 500mg,89
23,"1) CEFADROXIL 500MG 0,5g",43
28,2) PARTAMOL TAB. 500mg,91
33,3) SERGUROP 10mg,70
25,"1) CEFADROXIL 500MG 0,5g",43
30,2) PARTAMOL TAB. 500mg,91
35,3) SERGUROP 10mg,70
22,"1) CEFADROXIL 500MG 0,5g",43
27,2) PARTAMOL TAB. 500mg,91
32,3) SERGUROP 10mg,70
12,1) Metformin (Metformin 500) 500mg,54
15,"2) Đinh lăng, bạch quả (Hoạt huyết dưỡng não) 150mg+20mg",64
12,1) Metformin (Metformin 500) 500mg,54
15,"2) Đinh lăng, bạch quả (Hoạt huyết dưỡng não) 150mg+20mg",64
11,1) Metformin (Metformin 500) 500mg,54
14,"2) Đinh lăng, bạch quả (Hoạt huyết dưỡng não) 150mg+20mg",64
12,1) Metformin (Metformin 500) 500mg,54
15,"2) Đinh lăng, bạch quả (Hoạt huyết dưỡng não) 150mg+20mg",64
12,1) Metformin (Metformin 500) 500mg,54
15,"2) Đinh lăng, bạch quả (Hoạt huyết dưỡng não) 150mg+20mg",64
26,"1) HANGITOR PLUS 40mg+12,5mg",79
31,2) SAVI PROLOL 5 5mg,31
35,3) ATORIS 20MG 20mg,15
39,4) PARTAMOL TAB. 500mg,89
23,1) MEGLUCON 1000 1000mg,56
24,1) HOẠT HUYẾT DƯỠNG NÃO 150mg+20mg,64
29,2) VINA-AD 2000ui+ 400ui,103
20,1) HOẠT HUYẾT DƯỠNG NÃO BDF 150mg+5mg,64
25,2) VINA-AD 2000ui+ 400ui,103
23,1) PARTAMOL TAB. 500mg,99
28,2) VINA-AD 2000ui+ 400ui,103
23,"1) CEFADROXIL 500MG 0,5g",43
28,2) PANACTOL 500mg,91
33,3) DIXIREIN 375mg,2
38,4) VIPREDNI 16MG 16mg,75
23,"1) CEFADROXIL 500MG 0,5g",43
28,2) PANACTOL 500mg,91
33,3) DIXIREIN 375mg,2
38,4) VIPREDNI 16MG 16mg,75
23,1) GLUCOFAST 850 850mg,57
28,2) LAZIBET MR 60 60mg,38
32,3) ENALAPRIL 5mg,46
25,1) GLUCOFAST 850 850mg,57
30,2) LAZIBET MR 60 60mg,38
34,3) ENALAPRIL 5mg,46
23,1) GLUCOFAST 850 850mg,57
28,2) LAZIBET MR 60 60mg,38
32,3) ENALAPRIL 5mg,46
27,1) GLUCOFAST 850 850mg,57
32,2) LAZIBET MR 60 60mg,38
36,3) ENALAPRIL 5mg,46
24,1) CARDILOPIN 5mg,8
28,2) HOẠT HUYẾT DƯỠNG NÃO 150mg+20mg,64
33,3) PARTAMOL TAB. 500mg,91
21,1) CARUDXAN 2mg,23
25,2) METRONIDAZOL 250 250mg,51
27,1) GLUCOFAST 500 500mg,54
32,2) DIAMICRON MR TAB 60MG 30'S 60mg,37
36,3) METRONIDAZOL 250mg,51
22,1) THANH NHIỆT TIÊU ĐỘC LIVERGOOD,83
22,1) THANH NHIỆT TIÊU ĐỘC LIVERGOOD,83
24,1) THANH NHIỆT TIÊU ĐỘC LIVERGOOD,83
23,1) THANH NHIỆT TIÊU ĐỘC LIVERGOOD,83
23,1) CEFADROXIL 500MG 500mg,19
26,2) VACO LORATADINE 10mg,71
29,3) COSYNDO B 175mg+175mg+125mcg,104
12,1) Amoxicilin (Fabamox 500) 500mg,10
15,2) Paracetamol (Partamol Tab.) 500mg,89
18,3) Metronidazol (Metronidazol 250) 250 mg,51
23,1) FABAMOX 500 500mg,10
28,2) PARTAMOL TAB. 500mg,89
33,3) METRONIDAZOL 250 250mg,51
28,"1) HANGITOR PLUS 40mg+12,5mg",79
32,2) SAVI PROLOL 5 5mg,31
36,3) HOẠT HUYẾT DƯỠNG NÃO 150mg+20mg,64
41,4) INBACID 10 10mg,14
12,"1) Cefalexin (Firstlexin 500) 0,5g",26
15,2) Methyl prednisolon (Methylprednisolon 4) 4mg,74
18,3) Loratadin (Sergurop) 10mg,70
21,4) Omeprazol (Kagasdine) 20mg,87
24,5) Chlorpheniramin (hydrogen maleat) (Clorpheniramin) 4mg,29
21,1) CARUDXAN 2mg,23
25,2) METRONIDAZOL 250 250mg,51
23,1) STACETAM 800MG 800mg,92
28,2) TROYSAR AM 5mg +50mg,1
30,1) MEGLUCON 1000 1000mg,56
34,2) PYME DIAPRO MR 30mg,37
38,3) PARTAMOL TAB. 500mg,89
20,1) AMOXICILIN 500MG 500mg,10
23,2) METRONIDAZOL 250 250mg,51
26,3) TYDOL PM 500mg + 25mg,101
29,4) BROMHEXIN ACTAVIS 8mg,63
23,1) SAVILOSARTAN 50 50mg,72
27,2) HOẠT HUYẾT DƯỠNG NÃO 150mg+20mg,64
24,1) SAVILOSARTAN 50 50mg,72
28,2) HOẠT HUYẾT DƯỠNG NÃO 150mg+20mg,64
20,1) SAVILOSARTAN 50 50mg,72
24,2) HOẠT HUYẾT DƯỠNG NÃO 150mg+20mg,64
20,1) SAVILOSARTAN 50 50mg,72
24,2) HOẠT HUYẾT DƯỠNG NÃO 150mg+20mg,64
23,1) SAVILOSARTAN 50 50mg,72
27,2) HOẠT HUYẾT DƯỠNG NÃO 150mg+20mg,64
22,1) SAVILOSARTAN 50 50mg,72
26,2) HOẠT HUYẾT DƯỠNG NÃO 150mg+20mg,64
22,1) SAVILOSARTAN 50 50mg,72
26,2) HOẠT HUYẾT DƯỠNG NÃO 150mg+20mg,64
26,1) CARUDXAN 2mg,23
30,2) METRONIDAZOL 250 250mg,51
20,1) SAVILOSARTAN 50 50mg,72
24,2) HOẠT HUYẾT DƯỠNG NÃO 150mg+20mg,64
10,"1) Bisoprolol (SaviProlol 2,5) 2,5mg",41
25,1) BECOSEMID 40mg,4
23,1) FABAMOX 500MG 500mg,10
28,2) SERGUROP 10mg,70
32,3) VIPREDNI 16MG 16mg,73
36,4) PANACTOL 500mg,89
21,"1) CEFACYL 500 0,5g",26
24,2) BROMHEXIN ACTAVIS 8MG 8mg,63
27,"3) STATRIPSINE 4,2mg",7
31,4) MEDIBOGAN 200mg + 150mg + 16mg,52
26,1) ENALAPRIL 5mg,46
30,2) HOẠT HUYẾT DƯỠNG NÃO 150mg+20mg,64
35,3) VINA-AD 2000ui+ 400ui,103
23,"1) CEFACYL 500 0,5g",26
28,2) HOẠT HUYẾT DƯỠNG NÃO 150mg+20mg,64
20,1) KAVASDIN 5 5mg,8
24,2) SETBLOOD 115mg+100mg+50mcg,104
21,1) KAVASDIN 5 5mg,8
25,2) SETBLOOD 115mg+100mg+50mcg,104
21,1) KAVASDIN 5 5mg,8
24,2) SETBLOOD 115mg+100mg+50mcg,104
23,1) CARUDXAN 2mg,23
27,2) METRONIDAZOL 250 250mg,51
24,1) COLCHICIN 1mg,30
28,2) MILURIT 300mg,80
32,3) PANACTOL 500mg,91
24,1) GOUTCOLCIN 1mg,30
28,2) MILURIT 300mg,80
32,3) PANACTOL 500mg,91
22,1) BLOZA 50mg,33
24,1) BLOZA 50mg,33
23,1) BLOZA 50mg,33
24,1) BLOZA 50mg,33
26,1) HOẠT HUYẾT DƯỠNG NÃO 150mg+20mg,64
31,2) CHORLATCYN 125mg+50mg+50mg+25mg,97
25,1) GLUCOFAST 500 500mg,54
30,2) NIFEDIPIN T20 STADA RETARD 20mg,84
28,1) GLUCOFAST 500 500mg,54
33,2) NIFEDIPIN T20 STADA RETARD 20mg,84
22,"1) CEFADROXIL 500MG 0,5g",43
27,2) PANACTOL 500mg,91
32,3) SERGUROP 10mg,5
28,1) MEGLUCON 1000 1000mg,56
33,2) PYME DIAPRO MR 30mg,37
36,"3) HANGITOR PLUS 40mg+12,5mg",79
40,4) KAVASDIN 5 5mg,8
22,"1) CEFADROXIL 500MG 0,5g",43
27,2) PANACTOL 500mg,91
32,3) SERGUROP 10mg,5
22,"1) CEFADROXIL 500MG 0,5g",43
27,2) PANACTOL 500mg,91
32,3) SERGUROP 10mg,5
23,"1) CEFADROXIL 500MG 0,5g",43
28,2) PANACTOL 500mg,91
33,3) SERGUROP 10mg,5
19,"1) CEPHALEXIN PMP 500 0,5g",26
22,2) METRONIDAZOL 250 250mg,51
25,3) PANACTOL 500mg,91
12,"1) Đinh lăng, bạch quả (Hoạt huyết dưỡng não) 150mg+20mg",64
26,1) HOẠT HUYẾT DƯỠNG NÃO 150mg+20mg,64
23,1) HOẠT HUYẾT DƯỠNG NÃO 150mg+20mg,64
21,1) HOẠT HUYẾT DƯỠNG NÃO 150mg+20mg,64
12,"1) Đinh lăng, bạch quả (Hoạt huyết dưỡng não) 150mg+20mg",64
11,"1) Đinh lăng, bạch quả (Hoạt huyết dưỡng não) 150mg+20mg",64
25,1) GLUCOFAST 500 500mg,54
30,"2) EBITAC 12.5 10mg + 12,5mg",45
22,1) HOẠT HUYẾT DƯỠNG NÃO 150mg+20mg,64
24,1) HOẠT HUYẾT DƯỠNG NÃO 150mg+20mg,64
21,1) HOẠT HUYẾT DƯỠNG NÃO 150mg+20mg,64
21,1) HOẠT HUYẾT DƯỠNG NÃO 150mg+20mg,64
24,1) HOẠT HUYẾT DƯỠNG NÃO 150mg+20mg,64
13,"1) Đinh lăng, bạch quả (Hoạt huyết dưỡng não) 150mg+20mg",64
12,"1) Đinh lăng, bạch quả (Hoạt huyết dưỡng não) 150mg+20mg",64
25,"1) CEFADROXIL 0,5g",43
30,2) MYPARA 500 500mg,89
35,3) MENISON 16MG 16mg,75
39,4) C1000 FLOODE 1g,106
22,1) INGARON 200 DST 200mg,27
27,2) DIXIREIN 375mg,2
32,3) PANACTOL 500mg,89
22,1) INGARON 200 DST 200mg,27
27,2) DIXIREIN 375mg,2
32,3) PANACTOL 500mg,89
25,1) GLUCOFAST 500 500mg,54
30,"2) EBITAC 12.5 10mg + 12,5mg",45
23,1) CARDILOPIN 5mg,22
27,2) MEDIBOGAN 200mg + 150mg + 16mg,52
23,1) CARDILOPIN 5mg,22
26,2) MEDIBOGAN 200mg + 150mg + 16mg,52
25,1) MEZAFEN 60mg,40
30,2) SETBLOOD 115mg+100mg+50mcg,100
22,1) MEZAFEN 60mg,40
27,2) SETBLOOD 115mg+100mg+50mcg,100
27,1) MEZAFEN 60mg,40
32,2) SETBLOOD 115mg+100mg+50mcg,100
24,1) MEZAFEN 60mg,40
29,2) SETBLOOD 115mg+100mg+50mcg,100
23,1) MEZAFEN 60mg,40
28,2) SETBLOOD 115mg+100mg+50mcg,100
26,1) ENALAPRIL 5mg,46
31,2) PAMLONOR 5mg,8
36,3) HOẠT HUYẾT DƯỠNG NÃO 150mg+20mg,64
13,1) Amoxicilin (Fabamox 500) 500mg,10
16,2) Paracetamol (Partamol Tab.) 500mg,89
19,3) Metronidazol (Metronidazol 250) 250 mg,51
22,"4) Đinh lăng, bạch quả (Hoạt huyết dưỡng não) 150mg+20mg",64
12,1) Amoxicilin (Fabamox 500) 500mg,10
15,2) Paracetamol (Partamol Tab.) 500mg,89
18,3) Metronidazol (Metronidazol 250) 250 mg,51
21,"4) Đinh lăng, bạch quả (Hoạt huyết dưỡng não) 150mg+20mg",64
25,1) GLUCOFAST 500 500mg,54
29,"2) EBITAC 12.5 10mg + 12,5mg",45
26,1) FABAMOX 500 500mg,10
31,2) PARTAMOL TAB. 500mg,89
36,3) METRONIDAZOL 250 250mg,51
41,4) HOẠT HUYẾT DƯỠNG NÃO 150mg+20mg,64
13,1) Amoxicilin (Fabamox 500) 500mg,10
16,2) Paracetamol (Partamol Tab.) 500mg,89
19,3) Metronidazol (Metronidazol 250) 250 mg,51
22,"4) Đinh lăng, bạch quả (Hoạt huyết dưỡng não) 150mg+20mg",64
13,1) Amoxicilin (Fabamox 500) 500mg,10
16,2) Paracetamol (Partamol Tab.) 500mg,89
19,3) Metronidazol (Metronidazol 250) 250 mg,51
22,"4) Đinh lăng, bạch quả (Hoạt huyết dưỡng não) 150mg+20mg",64
13,1) Amoxicilin (Fabamox 500) 500mg,10
16,2) Paracetamol (Partamol Tab.) 500mg,89
19,3) Metronidazol (Metronidazol 250) 250 mg,51
22,"4) Đinh lăng, bạch quả (Hoạt huyết dưỡng não) 150mg+20mg",64
12,1) Amoxicilin (Fabamox 500) 500mg,10
15,2) Paracetamol (Partamol Tab.) 500mg,89
18,3) Metronidazol (Metronidazol 250) 250 mg,51
21,"4) Đinh lăng, bạch quả (Hoạt huyết dưỡng não) 150mg+20mg",64
13,1) Amoxicilin (Fabamox 500) 500mg,10
16,2) Paracetamol (Partamol Tab.) 500mg,89
19,3) Metronidazol (Metronidazol 250) 250 mg,51
22,"4) Đinh lăng, bạch quả (Hoạt huyết dưỡng não) 150mg+20mg",64
12,1) Amoxicilin (Fabamox 500) 500mg,10
15,2) Paracetamol (Partamol Tab.) 500mg,89
18,3) Metronidazol (Metronidazol 250) 250 mg,51
21,"4) Đinh lăng, bạch quả (Hoạt huyết dưỡng não) 150mg+20mg",64
13,1) Amoxicilin (Fabamox 500) 500mg,10
16,2) Paracetamol (Partamol Tab.) 500mg,89
19,3) Metronidazol (Metronidazol 250) 250 mg,51
22,"4) Đinh lăng, bạch quả (Hoạt huyết dưỡng não) 150mg+20mg",64
12,1) Amoxicilin (Fabamox 500) 500mg,10
15,2) Paracetamol (Partamol Tab.) 500mg,89
18,3) Metronidazol (Metronidazol 250) 250 mg,51
21,"4) Đinh lăng, bạch quả (Hoạt huyết dưỡng não) 150mg+20mg",64
13,1) Amoxicilin (Fabamox 500) 500mg,10
16,2) Paracetamol (Partamol Tab.) 500mg,89
19,3) Metronidazol (Metronidazol 250) 250 mg,51
22,"4) Đinh lăng, bạch quả (Hoạt huyết dưỡng não) 150mg+20mg",64
23,"1) EBITAC 12.5 10mg + 12,5mg",45
27,2) LENINARTO 10 10mg,12
31,3) STACETAM 800MG 800mg,92
13,1) Amoxicilin (Fabamox 500) 500mg,10
16,2) Paracetamol (Partamol Tab.) 500mg,89
19,3) Metronidazol (Metronidazol 250) 250 mg,51
22,"4) Đinh lăng, bạch quả (Hoạt huyết dưỡng não) 150mg+20mg",64
26,1) FABAMOX 500 500mg,10
31,2) PARTAMOL TAB. 500mg,89
36,3) METRONIDAZOL 250 250mg,51
41,4) HOẠT HUYẾT DƯỠNG NÃO 150mg+20mg,64
27,1) ATORIS 20MG 20mg,15
31,2) METRONIDAZOL 250 250mg,51
22,1) ENALAPRIL 5mg,46
27,2) HOẠT HUYẾT DƯỠNG NÃO 150mg+20mg,64
26,1) ENALAPRIL 5mg,46
31,2) HOẠT HUYẾT DƯỠNG NÃO 150mg+20mg,64
25,1) ENALAPRIL 5mg,46
29,2) HOẠT HUYẾT DƯỠNG NÃO BDF 150mg+5mg,64
25,1) ENALAPRIL 5mg,46
29,2) HOẠT HUYẾT DƯỠNG NÃO 150mg+20mg,64
25,1) ENALAPRIL 5mg,46
29,2) HOẠT HUYẾT DƯỠNG NÃO 150mg+20mg,64
23,1) ENALAPRIL 5mg,46
27,2) HOẠT HUYẾT DƯỠNG NÃO 150mg+20mg,64
24,1) ENALAPRIL 5mg,46
28,2) HOẠT HUYẾT DƯỠNG NÃO 150mg+20mg,64
25,1) PAMLONOR 5mg,8
30,2) ENALAPRIL 5mg,46
35,"3) MELOXICAM 7,5mg",81
27,"1) EBITAC 12.5 10mg + 12,5mg",45
31,2) LENINARTO 10 10mg,12
35,3) STACETAM 800MG 800mg,92
24,1) ENALAPRIL 5mg,46
28,2) HOẠT HUYẾT DƯỠNG NÃO 150mg+20mg,64
24,1) ENALAPRIL 5mg,46
28,2) HOẠT HUYẾT DƯỠNG NÃO 150mg+20mg,64
24,1) ENALAPRIL 5mg,46
29,2) HOẠT HUYẾT DƯỠNG NÃO BDF 150mg+5mg,64
26,1) ENALAPRIL 5mg,46
31,2) HOẠT HUYẾT DƯỠNG NÃO 150mg+20mg,64
22,1) FUDCIME 200MG 200mg,34
27,2) BROMHEXIN ACTAVIS 8MG 8mg,59
32,3) MENISON 4MG 4mg,74
24,"1) CEFADROXIL 0,5g",19
29,2) MENISON 16MG 16mg,73
33,3) MYPARA 500 500mg,89
38,4) C1000 FLOODE 1g,106
23,1) COLCHICIN 1mg,30
27,2) MILURIT 300mg,80
31,3) PARTAMOL TAB. 500mg,91
23,"1) HAPENXIN CAPSULES 0,5g",61
26,2) OTDXICAM 7.5mg,81
29,3) TYDOL PM 500mg + 25mg,60
22,"1) HAPENXIN CAPSULES 0,5g",61
27,2) PARTAMOL TAB. 500mg,89
32,3) HOẠT HUYẾT DƯỠNG NÃO 150mg+20mg,64
22,"1) HAPENXIN CAPSULES 0,5g",61
27,2) PARTAMOL TAB. 500mg,89
32,3) HOẠT HUYẾT DƯỠNG NÃO 150mg+20mg,64
23,1) PARTAMOL TAB. 500mg,99
28,"2) STATRIPSINE 4,2mg",7
33,3) STACETAM 800MG 800mg,92
38,4) DƯỠNG TÂM AN THẦN,44
11,"1) Cefalexin (Firstlexin 500) 0,5g",26
14,2) Paracetamol (Partamol Tab.) 500mg,91
12,"1) Cefalexin (Firstlexin 500) 0,5g",26
15,2) Paracetamol (Partamol Tab.) 500mg,91
25,1) TROYSAR AM 5mg +50mg,1
30,2) STACETAM 800MG 800mg,92
35,3) LENINARTO 10 10mg,14
29,1) PYME DIAPRO MR 30mg,37
33,2) ENALAPRIL 5mg,46
38,3) KAVASDIN 5 5mg,8
43,4) INBACID 10 10mg,14
30,1) ENALAPRIL 5mg,46
36,2) SAVI PROLOL 5 5mg,31
39,3) PAMLONOR 5mg,8
24,"1) HAPENXIN CAPSULES 0,5g",61
29,2) PANACTOL 500mg,89
22,"1) HAPENXIN CAPSULES 0,5g",61
27,2) PANACTOL 500mg,89
24,"1) HAPENXIN CAPSULES 0,5g",61
29,2) PANACTOL 500mg,89
23,"1) HAPENXIN CAPSULES 0,5g",61
28,2) PANACTOL 500mg,89
23,"1) HAPENXIN CAPSULES 0,5g",61
28,2) PANACTOL 500mg,89
24,"1) SAVIPROLOL 2,5 2,5mg",41
29,2) HOẠT HUYẾT DƯỠNG NÃO 150mg+20mg,64
22,"1) HAPENXIN CAPSULES 0,5g",61
27,2) PANACTOL 500mg,89
22,"1) HAPENXIN CAPSULES 0,5g",61
27,2) PANACTOL 500mg,89
23,"1) HAPENXIN CAPSULES 0,5g",61
28,2) PANACTOL 500mg,89
22,"1) HAPENXIN CAPSULES 0,5g",61
27,2) PANACTOL 500mg,89
21,"1) HAPENXIN CAPSULES 0,5g",61
26,2) PANACTOL 500mg,89
22,"1) HAPENXIN CAPSULES 0,5g",61
27,2) PANACTOL 500mg,89
22,"1) HAPENXIN CAPSULES 0,5g",61
27,2) PANACTOL 500mg,89
22,"1) HAPENXIN CAPSULES 0,5g",61
27,2) PANACTOL 500mg,89
20,1) PAMLONOR 5mg,8
23,2) MENISON 4MG 4mg,74
26,3) PARTAMOL TAB. 500mg,89
22,"1) NOVOXIM-500 0,5g",10
27,2) VINA-AD 2000ui+ 400ui,103
32,3) PANACTOL 500mg,89
13,"1) Bisoprolol (SaviProlol 2,5) 2,5mg",41
16,"2) Đinh lăng, bạch quả (Hoạt huyết dưỡng não) 150mg+20mg",64
22,"1) XITORAN 0,5g",24
25,2) MYPARA 500 500mg,89
28,3) SETBLOOD 115mg+100mg+50mcg,104
23,"1) CEFADROXIL 500MG 0,5g",19
28,2) MENISON 4MG 4mg,74
32,3) PARTAMOL TAB. 500mg,91
37,4) DIXIREIN 375mg,2
11,"1) Cefalexin (Firstlexin 500) 0,5g",26
14,2) Paracetamol (Partamol Tab.) 500mg,91
17,"3) Đinh lăng, bạch quả (Hoạt huyết dưỡng não) 150mg+20mg",64
13,"1) Cefalexin (Firstlexin 500) 0,5g",26
16,2) Paracetamol (Partamol Tab.) 500mg,91
19,"3) Đinh lăng, bạch quả (Hoạt huyết dưỡng não) 150mg+20mg",64
12,"1) Cefalexin (Firstlexin 500) 0,5g",26
15,2) Paracetamol (Partamol Tab.) 500mg,91
18,"3) Đinh lăng, bạch quả (Hoạt huyết dưỡng não) 150mg+20mg",64
13,"1) Cefalexin (Firstlexin 500) 0,5g",26
16,2) Paracetamol (Partamol Tab.) 500mg,91
19,"3) Đinh lăng, bạch quả (Hoạt huyết dưỡng não) 150mg+20mg",64
12,"1) Cefalexin (Firstlexin 500) 0,5g",26
15,2) Paracetamol (Partamol Tab.) 500mg,91
18,"3) Đinh lăng, bạch quả (Hoạt huyết dưỡng não) 150mg+20mg",64
20,1) AMCARDIA-5 5mg,8
23,2) HOẠT HUYẾT DƯỠNG NÃO 150mg+20mg,64
25,1) MEGLUCON 1000 1000mg,56
29,2) GOLDDICRON 30mg,37
33,"3) HANGITOR PLUS 40mg+12,5mg",79
37,"4) SAVIPROLOL 2,5 2,5mg",41
41,5) HOẠT HUYẾT DƯỠNG NÃO 150mg+20mg,64
23,1) NIFEDIPIN T20 STADA RETARD 20mg,84
27,2) ENALAPRIL 5mg,46
24,"1) CEFADROXIL 0,5g",43
29,2) VIPREDNI 16MG 16mg,75
33,3) MYPARA 500 500mg,89
22,"1) CEFADROXIL 0,5g",43
27,2) MYPARA 500 500mg,89
32,3) SETBLOOD 115mg+100mg+50mcg,100
23,1) CEFADROXIL 500MG 500mg,43
28,2) MYPARA 500 500mg,89
33,3) SETBLOOD 115mg+100mg+50mcg,100
22,"1) CEFADROXIL 0,5g",43
27,2) MYPARA 500 500mg,89
32,3) SETBLOOD 115mg+100mg+50mcg,100
25,1) GLUCOFAST 850 850mg,55
30,2) DIAMICRON MR TAB 60MG 30'S 60mg,37
24,1) GLUCOFAST 850 850mg,55
29,2) DIAMICRON MR TAB 30MG 60'S 30mg,37
23,1) GLUCOFAST 850 850mg,55
28,2) DIAMICRON MR TAB 30MG 60'S 30mg,37
23,1) GLUCOFAST 850 850mg,55
28,2) DIAMICRON MR TAB 30MG 60'S 30mg,37
25,1) GLUCOFAST 850 850mg,55
30,2) DIAMICRON MR TAB 30MG 60'S 30mg,37
22,1) GLUCOFAST 850 850mg,55
27,2) DIAMICRON MR TAB 30MG 60'S 30mg,37
25,1) GLUCOFAST 850 850mg,55
30,2) DIAMICRON MR TAB 30MG 60'S 30mg,37
22,"1) CEFADROXIL 0,5g",43
27,2) VIPREDNI 16MG 16mg,75
31,3) MYPARA 500 500mg,89
24,1) LIVONIC 2500mg+400mg+500mg+85mg,68
29,2) LENINARTO 10 10mg,14
22,1) AMOXICILIN 500MG 500mg,10
27,2) DICLOFENAC 50mg,40
32,3) VINA-AD 2000ui+ 400ui,103
21,"1) DROXICEF 500MG 0,5g",43
24,2) PANACTOL 500mg,90
27,"3) ALFACHIM 4,2mg",28
20,1) NIFEDIPIN HASAN 20 RETARD 20mg,84
23,2) PARACETAMOL 500MG 500mg,0
26,3) HOẠT HUYẾT DƯỠNG NÃO 150mg+20mg,64
29,4) VINA-AD 2000ui+ 400ui,103
26,"1) TIOGA 33,33mg+1g+0,34g+0,25g+0,17g",20
25,1) KAGASDINE 20mg,87
18,1) DICLOFENAC 50mg,39
21,2) MYPARA 500 500mg,89
24,3) SETBLOOD 115mg+100mg+50mcg,104
13,"1) Telmisartan % hydroclorothiazid (Hangitor plus) 40mg+12,5mg",79
16,"2) Bisoprolol (SaviProlol 2,5) 2,5mg",41
19,"3) Đinh lăng, bạch quả (Hoạt huyết dưỡng não) 150mg+20mg",64
22,4) Omeprazol (Kagasdine) 20mg,87
23,1) DOROCRON - MR 30mg,42
24,1) MEGLUCON 1000 1000mg,56
28,2) DIAMICRON MR TAB 60MG 30'S 60mg,37
23,"1) CEFADROXIL 0,5g",43
28,2) VIPREDNI 16MG 16mg,75
32,3) MYPARA 500 500mg,89
22,1) MEGLUCON 1000 1000mg,56
26,2) DIAMICRON MR TAB 60MG 30'S 60mg,37
23,1) MEGLUCON 1000 1000mg,56
28,2) DIAMICRON MR TAB 60MG 30'S 60mg,37
25,1) MEGLUCON 1000 1000mg,56
30,2) DIAMICRON MR TAB 60MG 30'S 60mg,37
23,1) MEGLUCON 1000 1000mg,56
28,2) DIAMICRON MR TAB 60MG 30'S 60mg,37
24,1) MEGLUCON 1000 1000mg,56
29,2) DIAMICRON MR TAB 60MG 30'S 60mg,37
24,1) MEGLUCON 1000 1000mg,56
29,2) DIAMICRON MR TAB 60MG 30'S 60mg,37
23,1) MEGLUCON 1000 1000mg,56
28,2) DIAMICRON MR TAB 60MG 30'S 60mg,37
12,"1) Cefalexin (Firstlexin 500) 0,5g",26
15,2) Paracetamol (Partamol Tab.) 500mg,91
18,"3) Vitamin b1 + b6 + b12 (Savi 3B) 100mg+100mg+0,15mg",104
21,"1) NOVOXIM-500 0,5g",82
24,2) PARTAMOL TAB. 500mg,91
27,3) VACO LORATADINE 10mg,71
30,4) C1000 FLOODE 1g,106
24,1) ENALAPRIL 5mg,46
29,"2) GAPHYTON S 100mg+75mg+7,5mg",69
34,3) SERGUROP 10mg,70
13,"1) Telmisartan % hydroclorothiazid (Hangitor plus) 40mg+12,5mg",79
16,2) Atorvastatin (Atoris 20mg) 20mg,15
19,"3) Đinh lăng, bạch quả (Hoạt huyết dưỡng não) 150mg+20mg",64
25,1) KAVASDIN 5 5mg,8
30,2) ENALAPRIL 5mg,46
34,3) HOẠT HUYẾT DƯỠNG NÃO 150mg+20mg,64
21,1) KAVASDIN 5 5mg,8
25,2) ENALAPRIL 5mg,46
29,3) HOẠT HUYẾT DƯỠNG NÃO 150mg+20mg,64
25,1) KAVASDIN 5 5mg,8
30,2) ENALAPRIL 5mg,46
34,3) HOẠT HUYẾT DƯỠNG NÃO 150mg+20mg,64
20,1) MYPARA 500 500mg,89
25,2) MEDIPLEX 800mg,3
20,"1) HAPENXIN CAPSULES 0,5g",61
23,2) BROMHEXIN ACTAVIS 8mg,63
26,3) SERGUROP 10mg,5
29,4) HOẠT HUYẾT DƯỠNG NÃO QN 150mg+20mg,64
28,1) SAVI PROLOL 5 5mg,31
32,2) ATORIS 20MG 20mg,15
36,"3) HANGITOR PLUS 40mg+12,5mg",79
22,1) FABAMOX 500 500mg,10
27,2) TYDOL PM 500mg + 25mg,60
32,3) CHORLATCYN 125mg+50mg+50mg+25mg,97
13,1) Metformin (Metformin 500) 500mg,54
16,"2) Bisoprolol (SaviProlol 2,5) 2,5mg",41
19,"3) Đinh lăng, bạch quả (Hoạt huyết dưỡng não) 150mg+20mg",64
31,"1) HANGITOR PLUS 40mg+12,5mg",79
34,2) ATORIS 20MG 20mg,15
38,3) HOẠT HUYẾT DƯỠNG NÃO 150mg+20mg,64
43,"4) SAVIPROLOL 2,5 2,5mg",41
26,1) HOẠT HUYẾT DƯỠNG NÃO 150mg+20mg,64
31,2) ENALAPRIL 5mg,46
36,3) SAVI PROLOL 5 5mg,31
40,4) PAMLONOR 5mg,8
13,"1) Telmisartan % hydroclorothiazid (Hangitor plus) 40mg+12,5mg",79
16,2) Atorvastatin (Atoris 20mg) 20mg,15
19,"3) Đinh lăng, bạch quả (Hoạt huyết dưỡng não) 150mg+20mg",64
22,1) CEFADROXIL 500MG 500mg,19
27,2) BROMHEXIN ACTAVIS 8MG 8mg,59
32,3) MYPARA 500 500mg,90
38,4) COSYNDO B 175mg+175mg+125mcg,104
26,1) ENALAPRIL 5mg,46
31,2) INBACID 10 10mg,12
35,3) SAVI PROLOL 5 5mg,31
22,"1) HAPENXIN CAPSULES 0,5g",61
25,2) TYDOL PM 500mg + 25mg,1
25,1) METFORMIN 500 500mg,54
30,2) PAMLONOR 5mg,8
23,"1) CEFADROXIL 500MG 0,5g",43
28,2) PANACTOL 500mg,91
33,3) DIXIREIN 375mg,2
39,4) VIPREDNI 16MG 16mg,75
42,5) SERGUROP 10mg,70
25,1) ENALAPRIL 5mg,46
30,2) HOẠT HUYẾT DƯỠNG NÃO 150mg+20mg,64
35,3) SAVI PROLOL 5 5mg,31
24,1) KAVASDIN 5 5mg,8
28,"2) NOVOXIM-500 0,5g",10
33,3) MYPARA 500 500mg,89
25,1) PARTAMOL TAB. 500mg,99
30,"2) KATRYPSIN 4,2mg",7
24,1) PARTAMOL TAB. 500mg,99
29,"2) KATRYPSIN 4,2mg",7
23,1) PARTAMOL TAB. 500mg,99
28,"2) KATRYPSIN 4,2mg",7
22,"1) NOVOXIM-500 0,5g",10
28,2) COSYNDO B 175mg+175mg+125mg,104
23,1) PARTAMOL TAB. 500mg,99
28,"2) KATRYPSIN 4,2mg",7
22,1) PARTAMOL TAB. 500mg,99
27,"2) KATRYPSIN 4,2mg",7
23,1) PARTAMOL TAB. 500mg,99
28,"2) KATRYPSIN 4,2mg",7
26,1) PARTAMOL TAB. 500mg,99
31,"2) KATRYPSIN 4,2mg",7
23,1) PARTAMOL TAB. 500mg,99
28,"2) KATRYPSIN 4,2mg",7
23,1) PARTAMOL TAB. 500mg,99
28,"2) KATRYPSIN 4,2mg",7
23,1) PARTAMOL TAB. 500mg,99
28,"2) KATRYPSIN 4,2mg",7
25,1) PARTAMOL TAB. 500mg,99
30,"2) KATRYPSIN 4,2mg",7
23,1) RENAPRIL 5MG 5mg,47
23,1) RENAPRIL 5MG 5mg,47
23,1) NORMAGUT 250mg,85
26,1) ENALAPRIL 5mg,46
31,2) KAVASDIN 5 5mg,8
36,"3) SAVIPROLOL 2,5 2,5mg",41
40,4) ASPIRIN 81MG 81mg,11
45,5) INBACID 10 10mg,12
24,"1) CEFADROXIL 0,5g",19
29,2) MYPARA 500 500mg,89
34,3) MENISON 16MG 16mg,73
39,4) SETBLOOD 115mg+100mg+50mcg,104
22,1) ALVERIN 40mg,98
28,2) COSYNDO B 175mg+175mg+125mg,104
27,1) MEGLUCON 1000 1000mg,56
31,2) PYME DIAPRO MR 30mg,37
28,1) MEGLUCON 1000 1000mg,56
32,2) PYME DIAPRO MR 30mg,37
24,1) ENALAPRIL 5mg,46
29,"2) GAPHYTON S 100mg+75mg+7,5mg",69
24,1) ENALAPRIL 5mg,46
29,"2) GAPHYTON S 100mg+75mg+7,5mg",69
25,1) ENALAPRIL 5mg,46
29,"2) GAPHYTON S 100mg+75mg+7,5mg",69
23,1) FAMOGAST 40mg,50
27,2) DROMASM FORT 80mg,36
12,"1) Cefalexin (Firstlexin 500) 0,5g",26
15,2) Drotaverin clohydrat (Dromasm fort) 80mg,48
18,3) Methyl prednisolon (Methylprednisolon 4) 4mg,74
26,1) ENALAPRIL 5mg,46
31,2) ASPIRIN 81MG 81mg,11
35,"3) SAVIPROLOL 2,5 2,5mg",41
39,4) INBACID 10 10mg,12
22,1) FIBROFIN-145 145mg,58
30,1) ENALAPRIL 5mg,46
35,2) ASPIRIN 81MG 81mg,11
39,"3) SAVIPROLOL 2,5 2,5mg",41
43,4) INBACID 10 10mg,12
30,1) MEGLUCON 1000 1000mg,56
34,2) PYME DIAPRO MR 30mg,37
38,3) ENALAPRIL 5mg,46
42,4) PAMLONOR 5mg,8
23,"1) AMOXICILLIN 500MG 0,5g",10
26,2) BROMHEXIN ACTAVIS 8MG 8mg,63
29,3) C1000 FLOODE 1g,106
22,1) AMOXICILIN 500MG 500mg,10
27,2) METRONIDAZOL 250 250mg,51
32,3) DROMASM FORT 80mg,48
11,1) Metronidazol (Metronidazol 250) 250 mg,51
14,2) Omeprazol (Kagasdine) 20mg,87
12,"1) Telmisartan % hydroclorothiazid (Hangitor plus) 40mg+12,5mg",79
15,"2) Đinh lăng, bạch quả (Hoạt huyết dưỡng não) 150mg+20mg",64
12,"1) Telmisartan % hydroclorothiazid (Hangitor plus) 40mg+12,5mg",79
15,"2) Đinh lăng, bạch quả (Hoạt huyết dưỡng não) 150mg+20mg",64
13,"1) Telmisartan % hydroclorothiazid (Hangitor plus) 40mg+12,5mg",79
16,"2) Đinh lăng, bạch quả (Hoạt huyết dưỡng não) 150mg+20mg",64
11,"1) Telmisartan % hydroclorothiazid (Hangitor plus) 40mg+12,5mg",79
14,"2) Đinh lăng, bạch quả (Hoạt huyết dưỡng não) 150mg+20mg",64
11,"1) Telmisartan % hydroclorothiazid (Hangitor plus) 40mg+12,5mg",79
14,"2) Đinh lăng, bạch quả (Hoạt huyết dưỡng não) 150mg+20mg",64
26,1) FIBROFIN-145 145mg,58
12,"1) Telmisartan % hydroclorothiazid (Hangitor plus) 40mg+12,5mg",79
15,"2) Đinh lăng, bạch quả (Hoạt huyết dưỡng não) 150mg+20mg",64
11,"1) Telmisartan % hydroclorothiazid (Hangitor plus) 40mg+12,5mg",79
14,"2) Đinh lăng, bạch quả (Hoạt huyết dưỡng não) 150mg+20mg",64
12,"1) Telmisartan % hydroclorothiazid (Hangitor plus) 40mg+12,5mg",79
15,"2) Đinh lăng, bạch quả (Hoạt huyết dưỡng não) 150mg+20mg",64
26,"1) HANGITOR PLUS 40mg+12,5mg",79
31,2) HOẠT HUYẾT DƯỠNG NÃO 150mg+20mg,64
11,"1) Telmisartan % hydroclorothiazid (Hangitor plus) 40mg+12,5mg",79
14,"2) Đinh lăng, bạch quả (Hoạt huyết dưỡng não) 150mg+20mg",64
24,1) FABAMOX 500 500mg,10
29,2) METRONIDAZOL 250 250mg,51
34,3) DROMASM FORT 80mg,36
27,1) ENALAPRIL 5mg,46
32,2) INBACID 10 10mg,12
36,3) HOẠT HUYẾT DƯỠNG NÃO 150mg+20mg,64
41,4) SAVI PROLOL 5 5mg,31
12,1) Loxoprofen (Mezafen) 60mg,40
15,2) Omeprazol (Kagasdine) 20mg,87
25,"1) CEFADROXIL 0,5g",19
30,2) BROMHEXIN ACTAVIS 8MG 8mg,59
35,3) BECOSEMID 40mg,4
20,"1) NOVOXIM-500 0,5g",10
25,2) MYPARA 500 500mg,89
20,1) FIBROFIN-145 145mg,58
24,"1) NOVOXIM-500 0,5g",10
29,2) MYPARA 500 500mg,89
23,"1) NOVOXIM-500 0,5g",10
28,2) MYPARA 500 500mg,89
24,"1) NOVOXIM-500 0,5g",10
29,2) MYPARA 500 500mg,89
23,1) CEFADROXIL 500MG 500mg,19
28,2) MYPARA 500 500mg,91
33,3) MENISON 16MG 16mg,73
38,4) VACO LORATADINE 10mg,70
25,1) GLUCOFAST 500 500mg,54
30,2) RENAPRIL 5MG 5mg,47
28,1) GLUCOFAST 500 500mg,54
33,2) RENAPRIL 5MG 5mg,47
22,1) CHORLATCYN 125mg+50mg+50mg+25mg,97
26,1) CHORLATCYN 125mg;50mg;50mg;25mg,97
22,1) CHORLATCYN 125mg+50mg+50mg+25mg,97
22,1) CHORLATCYN 125mg+50mg+50mg+25mg,97
25,1) PANACTOL 500mg,99
30,"2) CEFADROXIL 500MG 0,5g",24
35,3) VIPREDNI 16MG 16mg,73
22,1) CHORLATCYN 125mg+50mg+50mg+25mg,97
22,1) CHORLATCYN 125mg+50mg+50mg+25mg,97
28,1) CHORLATCYN 125mg+50mg+50mg+25mg,97
24,1) CHORLATCYN 125mg+50mg+50mg+25mg,97
24,1) CHORLATCYN 125mg+50mg+50mg+25mg,97
24,1) CHORLATCYN 125mg+50mg+50mg+25mg,97
30,1) MEGLUCON 1000 1000mg,56
34,2) PYME DIAPRO MR 30mg,37
38,3) ENALAPRIL 5mg,46
28,1) MEGLUCON 1000 1000mg,56
32,2) PYME DIAPRO MR 30mg,37
36,3) ENALAPRIL 5mg,46
23,1) FUDCIME 200MG 200mg,34
28,2) PARTAMOL TAB. 500mg,89
21,1) AMOXICILIN 500MG 500mg,10
26,2) TYDOL PM 500mg + 25mg,101
31,"3) KATRYPSIN 4,2mg",7
23,1) PARACETAMOL 500MG 500mg,99
28,"2) STATRIPSINE 4,2mg",7
33,3) VENRUTINE 100mg +500mg,95
23,1) MEGLUCON 1000 1000mg,56
27,2) DIAMICRON MR TAB 60MG 30'S 60mg,37
31,3) COLCHICIN 1mg,30
23,"1) AMOXICILLIN 500MG 0,5g",10
28,2) PANACTOL 500mg,91
33,3) VACO LORATADINE 10mg,70
38,4) VITAMIN C STADA 1G 1g,105
22,1) AMOXICILIN 500MG 500mg,10
27,2) METRONIDAZOL 250 250mg,51
32,3) PARTAMOL TAB. 500mg,91
20,1) AMCARDIA-5 5mg,8
23,2) PANACTOL 500mg,90
24,"1) CEPHALEXIN PMP 500 0,5g",26
29,2) PANACTOL 500mg,91
34,"3) ALFACHIM 4,2mg",7
23,1) ENALAPRIL 5mg,46
25,1) ENALAPRIL 5mg,46
22,1) ENALAPRIL 5mg,46
28,1) ENALAPRIL 5mg,46
25,1) ENALAPRIL 5mg,46
26,1) SAVILOSARTAN 50 50mg,72
31,2) HOẠT HUYẾT DƯỠNG NÃO 150mg+20mg,64
36,3) COSYNDO B 175mg+175mg+125mcg,104
25,1) ENALAPRIL 5mg,46
24,1) MEGLUCON 1000 1000mg,56
29,2) DIAMICRON MR TAB 60MG 30'S 60mg,37
33,3) SAVI LOSARTAN 50 50mg,72
25,1) DROMASM FORT 80mg,48
23,1) DROMASM FORT 80mg,48
22,1) INGARON 200 DST 200mg,27
27,2) PANACTOL 500mg,89
32,3) DIXIREIN 375mg,2
22,1) INGARON 200 DST 200mg,27
27,2) PANACTOL 500mg,89
32,3) DIXIREIN 375mg,2
24,1) KAVASDIN 5 5mg,8
28,2) MYPARA 500 500mg,89
24,"1) NOVOXIM-500 0,5g",10
29,2) PANACTOL 500mg,99
34,3) ENALAPRIL 5mg,46
26,1) FABAMOX 500 500mg,10
31,2) PARTAMOL TAB. 500mg,91
36,3) HOẠT HUYẾT DƯỠNG NÃO 150mg+20mg,64
41,4) METRONIDAZOL 250 250mg,51
23,1) SAVILOSARTAN 50 50mg,72
27,2) VENRUTINE 100mg +500mg,95
23,1) SAVILOSARTAN 50 50mg,72
27,2) PARACETAMOL 500MG 500mg,99
32,3) HOẠT HUYẾT DƯỠNG NÃO 150mg+20mg,64
24,1) SAVILOSARTAN 50 50mg,72
28,2) VENRUTINE 100mg +500mg,95
20,1) NIFEDIPIN HASAN 20 RETARD 20mg,84
23,2) PANACTOL 500mg,89
26,3) HOẠT HUYẾT DƯỠNG NÃO 150mg+20mg,64
20,1) NIFEDIPIN HASAN 20 RETARD 20mg,84
23,2) PANACTOL 500mg,89
26,3) HOẠT HUYẾT DƯỠNG NÃO 150mg+20mg,64
21,1) FABAMOX 500MG 500mg,10
26,2) METRONIDAZOL 250 250mg,51
32,3) CHORLATCYN 125mg+50mg+50mg+25mg,97
23,1) RENAPRIL 5MG 5mg,47
27,2) HOẠT HUYẾT DƯỠNG NÃO 150mg+20mg,64
11,"1) Enalapril thydrochlorothiazide (Ebitac 12.5) 10mg + 12,5mg",45
14,2) Atorvastatin (Atoris 20mg) 20mg,15
23,1) FABAMOX 500 500mg,10
28,2) PARTAMOL TAB. 500mg,89
33,3) CLORPHENIRAMIN 4mg,29
24,1) Olanzapin 10mg (Olanxol),86
25,1) RENAPRIL 5MG 5mg,47
28,2) HOẠT HUYẾT DƯỠNG NÃO 150mg+20mg,64
21,1) RENAPRIL 5MG 5mg,47
24,2) HOẠT HUYẾT DƯỠNG NÃO 150mg+20mg,64
23,1) AMOXICILIN 500MG 500mg,10
28,2) CLORPHENIRAMIN 4mg,29
33,3) MENISON 4mg,74
22,1) RENAPRIL 5MG 5mg,47
25,2) HOẠT HUYẾT DƯỠNG NÃO 150mg+20mg,64
28,1) ATORIS 20MG 20mg,15
32,2) HOẠT HUYẾT DƯỠNG NÃO 150mg+20mg,64
37,3) PARTAMOL TAB. 500mg,91
42,"4) HANGITOR PLUS 40mg+12,5mg",79
23,1) PARACETAMOL 500MG 500mg,99
28,2) VENRUTINE 100mg +500mg,95
20,1) AMOXICILIN 500MG 500mg,10
25,2) METRONIDAZOL 250 250mg,51
31,3) PRAZOPRO 40mg,93
35,4) SERGUROP 10mg,5
40,5) CHORLATCYN 125mg+50mg+50mg+25mg,35
24,"1) CEFADROXIL 500MG 0,5g",43
29,2) PARTAMOL TAB. 500mg,91
34,3) VIPREDNI 16MG 16mg,73
28,"1) CEFADROXIL 500MG 0,5g",43
33,2) PARTAMOL TAB. 500mg,91
38,3) VIPREDNI 16MG 16mg,73
23,"1) CEFADROXIL 0,5g",43
28,2) PARTAMOL TAB. 500mg,91
33,3) VIPREDNI 16MG 16mg,73
12,"1) Cefalexin (Firstlexin 500) 0,5g",26
15,2) Carbocistein (Anpemux) 250mg,2
12,"1) Cefalexin (Firstlexin 500) 0,5g",26
15,2) Carbocistein (Anpemux) 250mg,2
12,"1) Cefalexin (Firstlexin 500) 0,5g",26
15,2) Carbocistein (Anpemux) 250mg,2
24,"1) HAPENXIN CAPSULES 0,5g",61
29,2) PARTAMOL TAB. 500mg,89
12,"1) Cefalexin (Firstlexin 500) 0,5g",26
15,2) Carbocistein (Anpemux) 250mg,2
23,"1) CEFADROXIL 500MG 0,5g",19
28,"2) KATRYPSIN 4,2mg",7
33,3) PARTAMOL TAB. 500mg,91
23,1) AMCARDIA-5 5mg,8
27,2) COSYNDO B 175mg+175mg+125mcg,104
32,3) PANACTOL 500mg,91
24,1) METFORMIN 500 500mg,54
29,2) SAVI LOSARTAN 50 50mg,72
22,1) STACETAM 800MG 800mg,92
27,2) LENINARTO 10 10mg,14
31,"3) EBITAC 12.5 10mg + 12,5mg",45
23,"1) HAPENXIN CAPSULES 0,5g",61
28,2) BROMHEXIN ACTAVIS 8mg,59
33,3) SERGUROP 10mg,70
22,"1) CEFACYL 500 0,5g",26
27,2) PANACTOL 500mg,91
32,3) VACO LORATADINE 10mg,70
37,4) C1000 FLOODE 1g,106
23,1) HOẠT HUYẾT DƯỠNG NÃO 150mg+20mg,64
28,2) PANACTOL 500mg,91
33,3) COSYNDO B 175mg+175mg+125mcg,104
26,1) ENALAPRIL 5mg,46
31,2) SAVI PROLOL 5 5mg,31
35,3) INBACID 10 10mg,14
26,1) ENALAPRIL 5mg,46
31,2) SAVI PROLOL 5 5mg,31
35,3) INBACID 10 10mg,14
21,1) FABAMOX 500 500mg,10
26,2) PRAZOPRO 40mg,93
30,3) DROMASM FORT 80mg,36
22,"1) HAPENXIN CAPSULES 0,5g",61
27,2) PARTAMOL TAB. 500mg,89
26,1) ENALAPRIL 5mg,46
31,2) SAVI PROLOL 5 5mg,31
35,3) INBACID 10 10mg,14
30,1) ENALAPRIL 5mg,46
36,2) SAVI PROLOL 5 5mg,31
39,3) INBACID 10 10mg,14
27,1) ENALAPRIL 5mg,46
32,2) SAVI PROLOL 5 5mg,31
36,3) INBACID 10 10mg,14
26,1) ENALAPRIL 5mg,46
31,2) SAVI PROLOL 5 5mg,31
35,3) INBACID 10 10mg,14
24,"1) CEFADROXIL 0,5g",43
29,2) FAMOGAST 40mg,50
12,1) Amoxicilin (Fabamox 500) 500mg,10
15,2) Loxoprofen (Mezafen) 60mg,78
18,"3) Vitamin b1 + b6 + b12 (Savi 3B) 100mg+100mg+0,15mg",104
22,"1) CEPHALEXIN PMP 500 0,5g",26
25,2) PANACTOL 500mg,91
28,"3) KATRYPSIN 4,2mg",7
23,1) INGARON 200 DST 200mg,27
28,2) METHYLSOLONE 16MG 16mg,73
32,3) DIXIREIN 375mg,2
21,1) FABAMOX 500MG 500mg,10
26,2) VIPREDNI 16MG 16mg,73
30,3) PANACTOL 500mg,89
35,4) SERGUROP 10mg,70
21,1) FABAMOX 500 500mg,10
26,2) DROMASM FORT 80mg,36
31,3) PRAZOPRO 40mg,93
20,"1) HAPENXIN CAPSULES 0,5g",61
25,2) PARTAMOL TAB. 500mg,89
22,1) FABAMOX 500 500mg,10
27,2) DROMASM FORT 80mg,36
32,3) PRAZOPRO 40mg,93
21,1) FABAMOX 500 500mg,10
26,2) DROMASM FORT 80mg,36
31,3) PRAZOPRO 40mg,93
19,1) FABAMOX 500 500mg,10
24,2) DROMASM FORT 80mg,36
29,3) PRAZOPRO 40mg,93
24,1) FUDCIME 200MG 200mg,34
29,2) VACO LORATADINE 10mg,70
34,"3) STATRIPSINE 4,2mg",7
39,4) PARTAMOL TAB. 500mg,91
44,5) VENRUTINE 100mg +500mg,95
13,1) Loxoprofen (Mezafen) 60mg,40
16,"2) Vitamin b1 + b6 + b12 (Savi 3B) 100mg+100mg+0,15mg",104
19,"3) Đinh lăng, bạch quả (Hoạt huyết dưỡng não) 150mg+20mg",64
22,"4) Cefalexin (Firstlexin 500) 0,5g",61
25,1) KAVASDIN 5 5mg,8
29,2) HOẠT HUYẾT DƯỠNG NÃO BDF 150mg+5mg,64
34,3) PARACETAMOL 500MG 500mg,89
22,"1) CEFADROXIL 0,5g",43
27,2) MYPARA 500 500mg,89
32,3) VENRUTINE 100mg +500mg,102
24,1) KAVASDIN 5 5mg,8
28,2) HOẠT HUYẾT DƯỠNG NÃO 150mg+20mg,64
24,1) KAVASDIN 5 5mg,8
28,2) HOẠT HUYẾT DƯỠNG NÃO 150mg+20mg,64
24,1) KAVASDIN 5 5mg,8
28,2) HOẠT HUYẾT DƯỠNG NÃO BDF 150mg+5mg,64
22,"1) HAPENXIN CAPSULES 0,5g",61
27,2) PARTAMOL TAB. 500mg,89
23,1) KAVASDIN 5 5mg,8
27,2) HOẠT HUYẾT DƯỠNG NÃO 150mg+20mg,64
24,1) KAVASDIN 5 5mg,8
29,2) HOẠT HUYẾT DƯỠNG NÃO 150mg+20mg,64
23,1) KAVASDIN 5 5mg,8
27,2) HOẠT HUYẾT DƯỠNG NÃO 150mg+20mg,64
20,1) KAVASDIN 5 5mg,8
25,2) HOẠT HUYẾT DƯỠNG NÃO 150mg+20mg,64
23,"1) HAPENXIN CAPSULES 0,5g",61
28,2) TYDOL PM 500mg + 25mg,1
33,3) HOẠT HUYẾT DƯỠNG NÃO QN 150mg+20mg,64
23,"1) HAPENXIN CAPSULES 0,5g",61
28,2) TYDOL PM 500mg + 25mg,1
33,3) HOẠT HUYẾT DƯỠNG NÃO QN 150mg+20mg,64
26,1) PAMLONOR 5mg,8
30,2) HOẠT HUYẾT DƯỠNG NÃO 150mg+20mg,64
35,"3) HAPENXIN CAPSULES 0,5g",61
40,4) DIXIREIN 375mg,2
25,1) GLUCOFAST 500 500mg,54
30,2) LAZIBET MR 60 60mg,38
24,1) GLUCOFAST 500 500mg,54
29,2) LAZIBET MR 60 60mg,38
22,1) GLUCOFAST 500 500mg,54
27,2) LAZIBET MR 60 60mg,38
20,"1) HAPENXIN CAPSULES 0,5g",61
25,2) PARTAMOL TAB. 500mg,89
24,1) GLUCOFAST 500 500mg,54
29,2) LAZIBET MR 60 60mg,38
24,1) GLUCOFAST 500 500mg,54
29,2) LAZIBET MR 60 60mg,38
25,1) PAMLONOR 5mg,8
30,2) HOẠT HUYẾT DƯỠNG NÃO 150mg+20mg,64
25,1) PAMLONOR 5mg,8
30,2) HOẠT HUYẾT DƯỠNG NÃO 150mg+20mg,64
24,1) PAMLONOR 5mg,8
29,2) HOẠT HUYẾT DƯỠNG NÃO 150mg+20mg,64
30,1) PAMLONOR 5mg,8
35,2) HOẠT HUYẾT DƯỠNG NÃO 150mg+20mg,64
29,1) PAMLONOR 5mg,8
34,2) HOẠT HUYẾT DƯỠNG NÃO 150mg+20mg,64
26,1) PAMLONOR 5mg,8
29,2) HOẠT HUYẾT DƯỠNG NÃO 150mg+20mg,64
25,1) PAMLONOR 5mg,8
29,2) HOẠT HUYẾT DƯỠNG NÃO 150mg+20mg,64
31,1) PAMLONOR 5mg,8
35,2) HOẠT HUYẾT DƯỠNG NÃO 150mg+20mg,64
26,"1) CEFADROXIL 500MG 0,5g",43
31,2) VIPREDNI 16MG 16mg,75
35,3) DIXIREIN 375mg,2
26,1) ENALAPRIL 5mg,46
31,2) PARTAMOL TAB. 500mg,91
36,3) INBACID 10 10mg,14
23,"1) NOVOXIM-500 0,5g",10
28,2) CLORPHENIRAMIN 4mg,29
33,3) VINA-AD 2000ui+ 400ui,103
38,4) PANACTOL 500mg,99
24,1) DIAMICRON MR TAB 60MG 30'S 60mg,37
28,2) METRONIDAZOL 250 250mg,51
27,1) DIAMICRON MR TAB 60MG 30'S 60mg,37
31,2) METRONIDAZOL 250 250mg,51
26,1) DIAMICRON MR TAB 60MG 30'S 60mg,37
30,2) METRONIDAZOL 250 250mg,51
22,"1) HAPENXIN CAPSULES 0,5g",61
27,2) TYDOL PM 500mg + 25mg,1
32,3) BROMHEXIN ACTAVIS 8mg,59
24,1) DICLOFENAC 50mg,39
29,2) COSYNDO B 175mg+175mg+125mcg,104
25,1) INGARON 200 DST 200mg,27
30,2) PANACTOL 500mg,89
35,3) VIPREDNI 16MG 16mg,73
39,4) DIXIREIN 375mg,2
25,1) INGARON 200 DST 200mg,27
30,2) PANACTOL 500mg,89
35,3) VIPREDNI 16MG 16mg,73
39,4) DIXIREIN 375mg,2
25,1) INGARON 200 DST 200mg,27
30,2) PANACTOL 500mg,89
35,3) VIPREDNI 16MG 16mg,73
39,4) DIXIREIN 375mg,2
23,"1) CEFADROXIL 500MG 0,5g",43
28,2) VIPREDNI 16MG 16mg,75
32,3) DIXIREIN 375mg,2
24,1) VIPREDNI 16MG 16mg,73
28,2) PARTAMOL TAB. 500mg,89
22,"1) HANGITOR PLUS 40mg+12,5mg",79
26,2) PARTAMOL TAB. 500mg,89
31,"3) KATRYPSIN 4,2mg",7
24,"1) CEFADROXIL 500MG 0,5g",43
29,2) PANACTOL 500mg,91
34,3) DIXIREIN 375mg,2
39,4) SERGUROP 10mg,70
24,1) METRONIDAZOL 250 250mg,51
29,2) FABAMOX 500 500mg,10
34,3) KAGASDINE 20mg,66
12,1) Paracetamol (Partamol Tab.) 500mg,99
15,"2) Đinh lăng, bạch quả (Hoạt huyết dưỡng não) 150mg+20mg",64
25,1) PARTAMOL TAB. 500mg,99
30,2) HOẠT HUYẾT DƯỠNG NÃO 150mg+20mg,64
12,1) Paracetamol (Partamol Tab.) 500mg,99
15,"2) Đinh lăng, bạch quả (Hoạt huyết dưỡng não) 150mg+20mg",64
23,1) PARTAMOL TAB. 500mg,99
28,2) HOẠT HUYẾT DƯỠNG NÃO 150mg+20mg,64
23,1) PARTAMOL TAB. 500mg,99
28,2) HOẠT HUYẾT DƯỠNG NÃO 150mg+20mg,64
23,"1) KATRYPSIN 4,2mg",7
28,2) PANACTOL 500mg,89
22,"1) CEFADROXIL 500MG 0,5g",43
27,2) VIPREDNI 16MG 16mg,75
31,3) DIXIREIN 375mg,2
26,1) MYPARA 500 500mg,99
32,2) GLUCOFAST 850 850mg,55
37,3) LAZIBET MR 60 60mg,38
41,4) NIFEDIPIN T20 STADA RETARD 20mg,84
23,"1) CEFADROXIL 500MG 0,5g",43
28,2) VIPREDNI 16MG 16mg,75
32,3) SERGUROP 10mg,70
22,1) AMOXICILIN 500MG 500mg,10
27,2) HOẠT HUYẾT DƯỠNG NÃO 150mg+20mg,64
22,1) CEFADROXIL 500MG 500mg,43
25,2) PANACTOL 500mg,91
28,3) VITAMIN C STADA 1G 1g,105
21,1) CEFADROXIL 500MG 500mg,43
24,2) PANACTOL 500mg,91
27,3) VITAMIN C STADA 1G 1g,105
12,"1) Cefalexin (Firstlexin 500) 0,5g",26
15,2) Omeprazol (Kagasdine) 20mg,87
18,3) Carbocistein (Anpemux) 250mg,2
23,"1) ALFACHIM 4,2mg",28
28,2) FAMOGAST 40mg,50
22,1) PAMLONOR 5mg,8
26,2) HOẠT HUYẾT DƯỠNG NÃO 150mg+20mg,64
31,3) ENALAPRIL 5mg,46
23,"1) NOVOXIM-500 0,5g",10
26,2) PARTAMOL TAB. 500mg,99
22,"1) HAPENXIN CAPSULES 0,5g",61
27,2) PARTAMOL TAB. 500mg,89
32,"3) KATRYPSIN 4,2mg",7
38,4) CHORLATCYN 125mg+50mg+50mg+25mg,97
23,"1) CEFADROXIL 500MG 0,5g",43
28,2) VIPREDNI 16MG 16mg,75
32,3) DIXIREIN 375mg,2
23,"1) CEFADROXIL 0,5g",43
28,2) MYPARA 500 500mg,89
33,3) BROMHEXIN ACTAVIS 8MG 8mg,59
38,4) MENISON 16MG 16mg,73
42,5) CLORPHENIRAMIN 4mg,29
20,1) FABAMOX 500 500mg,10
25,2) METRONIDAZOL 250 250mg,51
30,3) PRAZOPRO 40mg,93
21,1) HOẠT HUYẾT DƯỠNG NÃO 150mg+20mg,64
26,2) COSYNDO B 175mg+175mg+125mcg,104
13,1) Metformin (Metformin 500) 500mg,54
16,2) Atorvastatin (Atoris 20mg) 20mg,15
19,"3) Đinh lăng, bạch quả (Hoạt huyết dưỡng não) 150mg+20mg",64
22,"1) CEPHALEXIN 250MG 0,25g",25
25,2) MYPARA 500 500mg,91
21,"1) CEPHALEXIN 250MG 0,25g",25
24,2) MYPARA 500 500mg,91
23,1) HOẠT HUYẾT DƯỠNG NÃO 150mg+20mg,64
26,2) SETBLOOD 115mg+100mg+50mcg,104
26,1) MEGLUCON 1000 1000mg,56
31,2) PAMLONOR 5mg,8
35,3) PARTAMOL TAB. 500mg,89
22,1) HOẠT HUYẾT DƯỠNG NÃO 150mg+20mg,64
27,2) VINA-AD 2000ui+ 400ui,103
32,3) PARACETAMOL 500MG 500mg,0
25,1) METFORMIN 500 500mg,54
30,"2) EBITAC 12.5 10mg + 12,5mg",45
22,"1) CEFADROXIL 500MG 0,5g",43
27,2) VIPREDNI 16MG 16mg,75
32,3) DIXIREIN 375mg,2
23,"1) NOVOXIM-500 0,5g",10
28,2) METHYLSOLONE 16MG 16mg,73
33,3) SETBLOOD 115mg+100mg+50mcg,104
22,1) PANACTOL 500mg,89
25,2) HOẠT HUYẾT DƯỠNG NÃO BDF 150mg+5mg,64
23,1) HOẠT HUYẾT DƯỠNG NÃO QN 150mg+20mg,64
28,2) PANACTOL 500mg,89
23,"1) CEFADROXIL 500MG 0,5g",19
28,"2) KATRYPSIN 4,2mg",7
33,3) PARTAMOL TAB. 500mg,91
22,1) DIAMICRON MR TAB 30MG 60'S 30mg,37
24,1) DIAMICRON MR TAB 60MG 30'S 60mg,37
23,1) DIAMICRON MR TAB 30MG 60'S 30mg,37
23,1) DIAMICRON MR TAB 30MG 60'S 30mg,37
25,1) DIAMICRON MR TAB 30MG 60'S 30mg,37
22,1) DIAMICRON MR TAB 30MG 60'S 30mg,37
25,1) ENALAPRIL 5mg,46
29,"2) HAPENXIN CAPSULES 0,5g",26
34,3) PANACTOL 500mg,91
22,1) DIAMICRON MR TAB 30MG 60'S 30mg,37
22,"1) XITORAN 0,5g",43
25,2) SETBLOOD 115mg+100mg+50mcg,104
28,"3) ALFACHIM 4,2mg",28
22,"1) CEFADROXIL 500MG 0,5g",43
27,2) SERGUROP 10mg,70
23,"1) CEFADROXIL 500MG 0,5g",43
28,2) SERGUROP 10mg,70
23,"1) NOVOXIM-500 0,5g",82
26,2) METRONIDAZOL 250mg,51
29,3) ALVERIN 40mg,98
23,"1) NOVOXIM-500 0,5g",82
26,2) METRONIDAZOL 250mg,51
29,3) ALVERIN 40mg,98
27,1) GLUCOFAST 850 850mg,57
32,2) LAZIBET MR 60 60mg,38
36,3) BLOZA 50mg,33
23,1) GLUCOFAST 850 850mg,57
28,2) LAZIBET MR 60 60mg,38
32,3) BLOZA 50mg,33
24,"1) EBITAC 12.5 10mg + 12,5mg",45
28,2) STACETAM 800MG 800mg,92
23,"1) KAHAGAN 0,1g+0,075g+0,075g",62
28,2) PARTAMOL TAB. 500mg,89
33,3) HOẠT HUYẾT DƯỠNG NÃO 150mg+20mg,64
30,1) MEGLUCON 1000 1000mg,56
35,2) SAVI PROLOL 5 5mg,31
25,1) ENALAPRIL 5mg,46
29,"2) HAPENXIN CAPSULES 0,5g",26
34,3) PANACTOL 500mg,91
22,1) METFORMIN 500 500mg,54
24,1) METFORMIN 500 500mg,54
23,1) METFORMIN 500 500mg,54
23,1) METFORMIN 500 500mg,54
24,1) METFORMIN 500 500mg,54
25,1) METFORMIN 500 500mg,54
22,1) METFORMIN 500 500mg,54
25,"1) CEFADROXIL 0,5g",43
30,2) MYPARA 500 500mg,89
35,"3) STATRIPSINE 4,2mg",7
41,4) SETBLOOD 115mg+100mg+50mcg,100
27,1) GOLDDICRON 30mg,37
31,2) COSYNDO B 175mg+175mg+125mcg,104
20,1) AMCARDIA-5 5mg,8
23,2) DICLOFENAC 50mg,40
26,3) PANACTOL 500mg,90
23,1) GLUCOFAST 500 500mg,54
28,2) GLUZITOP MR 60 60mg,38
32,"3) EBITAC 12.5 10mg + 12,5mg",45
20,1) AMCARDIA-5 5mg,8
23,2) DICLOFENAC 50mg,40
26,3) PANACTOL 500mg,90
19,1) AMCARDIA-5 5mg,8
22,2) PANACTOL 500mg,90
25,3) DICLOFENAC 50mg,40
20,1) AMCARDIA-5 5mg,8
23,2) PANACTOL 500mg,90
26,3) DICLOFENAC 50mg,40
22,"1) NOVOXIM-500 0,5g",10
27,2) PANACTOL 500mg,99
21,"1) NOVOXIM-500 0,5g",10
26,2) PANACTOL 500mg,99
24,"1) NOVOXIM-500 0,5g",10
29,2) PANACTOL 500mg,99
22,"1) NOVOXIM-500 0,5g",10
27,2) PANACTOL 500mg,99
22,"1) NOVOXIM-500 0,5g",10
27,2) PANACTOL 500mg,99
23,"1) CEFACYL 500 0,5g",26
28,2) PARTAMOL TAB. 500mg,91
33,3) VITAMINAD 2500ui+200ui,103
13,"1) Cefalexin (Firstlexin 500) 0,5g",26
16,2) Carbocistein (Anpemux) 250mg,2
19,3) Paracetamol (Partamol Tab.) 500mg,91
22,"4) Đinh lăng, bạch quả (Hoạt huyết dưỡng não) 150mg+20mg",64
25,1) GLUCOFAST 500 500mg,54
30,2) GLUZITOP MR 60 60mg,38
34,"3) EBITAC 12.5 10mg + 12,5mg",45
22,"1) CEFACYL 500 0,5g",26
25,2) PARTAMOL TAB. 500mg,91
28,3) COSYNDO B 175mg+175mg+125mcg,104
21,1) RENAPRIL 5MG 5mg,47
25,"2) NOVOXIM-500 0,5g",10
30,3) MYPARA 500 500mg,89
22,"1) NOVOXIM-500 0,5g",10
27,2) BROMHEXIN ACTAVIS 8MG 8mg,59
32,3) CLORPHENIRAMIN 4mg,29
23,1) CARDILOPIN 5mg,8
26,"2) AMOXICILLIN 500MG 0,5g",10
29,3) PARACETAMOL 500MG 500mg,99
28,1) INGARON 200 DST 200mg,27
33,2) BROMHEXIN ACTAVIS 8MG 8mg,59
26,"1) CEFADROXIL 500MG 0,5g",43
31,2) PANACTOL 500mg,91
23,"1) CEFADROXIL 500MG 0,5g",43
28,2) PANACTOL 500mg,91
25,"1) CEFADROXIL 500MG 0,5g",43
30,2) PANACTOL 500mg,91
26,"1) CEFADROXIL 500MG 0,5g",43
31,2) PANACTOL 500mg,91
22,"1) CEFADROXIL 500MG 0,5g",43
27,2) PANACTOL 500mg,91
22,1) FUDCIME 200MG 200mg,34
27,2) MENISON 4MG 4mg,74
31,3) BROMHEXIN ACTAVIS 8MG 8mg,59
24,1) COLCHICIN 1mg,30
29,2) MYPARA 500 500mg,91
23,1) COLCHICIN 1mg,30
27,2) PANACTOL 500mg,91
23,1) COLCHICIN 1mg,30
27,2) PANACTOL 500mg,91
23,"1) STATRIPSINE 4,2mg",7
28,2) MYPARA 500 500mg,99
25,1) SAVI PROLOL 5 5mg,31
29,2) BỐ HUYẾT ÍCH NÃO BDF 40mg+300mg,65
34,"3) EBITAC 12.5 10mg + 12,5mg",45
24,1) INGARON 200 DST 200mg,27
29,2) PARTAMOL TAB. 500mg,89
34,3) VIPREDNI 16MG 16mg,73
39,4) DIXIREIN 375mg,2
26,"1) HANGITOR PLUS 40mg+12,5mg",79
31,2) BỐ HUYẾT ÍCH NÃO BDF 40mg+300mg,65
26,"1) HANGITOR PLUS 40mg+12,5mg",79
31,2) BỐ HUYẾT ÍCH NÃO BDF 40mg+300mg,65
27,1) LENINARTO 10 10mg,14
26,1) LENINARTO 10 10mg,14
24,1) METRONIDAZOL 250mg,51
29,2) MYPARA 500 500mg,99
27,1) LENINARTO 10 10mg,14
22,1) AMOXICILIN 500MG 500mg,10
25,2) DROMASM FORT 80mg,48
28,3) PRAZOPRO 40mg,93
31,4) METRONIDAZOL 250 250mg,51
22,1) HOẠT HUYẾT DƯỠNG NÃO 150mg+20mg,64
25,2) COSYNDO B 175mg+175mg+125mcg,104
22,1) CLORPHENIRAMIN 4mg,29
27,2) LIVONIC 2500mg+400mg+500mg+85mg,68
24,"1) XITORAN 0,5g",24
29,2) MENISON 4MG 4mg,74
34,3) HOẠT HUYẾT DƯỠNG NÃO 150mg+20mg,64
22,"1) DROXICEF 0,5g",19
27,2) DIXIREIN 375mg,2
32,3) MENISON 4MG 4mg,74
10,1) Metformin (Meglucon 1000) 1000 mg,56
13,2) Gliclazid (Golddicron) 30mg,37
12,1) Metformin (Meglucon 1000) 1000 mg,56
15,2) Gliclazid (Golddicron) 30mg,37
18,3) Atorvastatin (Atoris 20mg) 20mg,15
25,1) MEGLUCON 1000 1000mg,56
29,2) GOLDDICRON 30mg,37
33,3) ATORIS 20MG 20mg,15
13,1) Atorvastatin (Atoris 20mg) 20mg,15
16,2) Paracetamol (Partamol Tab.) 500mg,91
13,1) Metformin (Meglucon 1000) 1000 mg,56
16,2) Gliclazid (Golddicron) 30mg,37
19,"3) Đinh lăng, bạch quả (Hoạt huyết dưỡng não) 150mg+20mg",64
10,"1) Cefalexin (Firstlexin 500) 0,5g",26
13,2) Carbocistein (Anpemux) 250mg,2
16,3) Paracetamol (Partamol Tab.) 500mg,91
11,"1) Cefalexin (Firstlexin 500) 0,5g",26
14,2) Carbocistein (Anpemux) 250mg,2
17,3) Paracetamol (Partamol Tab.) 500mg,91
24,1) AMOXICILIN 500MG 500mg,10
27,2) TYDOL PM 500mg + 25mg,101
30,3) BROMHEXIN ACTAVIS 8mg,63
25,1) METRONIDAZOL 250 250mg,51
30,2) DROMASM FORT 80mg,36
35,3) FABAMOX 500 500mg,10
24,1) MYPARA 500 500mg,99
29,2) COLCHICIN 1mg,30
33,3) SADAPRON 300 300mg,6
24,1) MYPARA 500 500mg,99
29,2) COLCHICIN 1mg,30
33,3) SADAPRON 300 300mg,6
30,1) MEGLUCON 1000 1000mg,56
35,2) ENALAPRIL 5mg,46
30,1) MEGLUCON 1000 1000mg,56
35,2) ENALAPRIL 5mg,46
22,1) AMOXICILIN 500MG 500mg,10
27,2) TYDOL PM 500mg + 25mg,60
21,"1) HAPENXIN CAPSULES 0,5g",61
26,2) METRONIDAZOL 250 250mg,51
31,3) PARTAMOL TAB. 500mg,89
25,"1) KAHAGAN 0,1g+0,075g+0,075g",62
11,1) Metronidazol (Metronidazol 250) 250 mg,51
14,2) Drotaverin clohydrat (Dromasm fort) 80mg,36
24,1) METRONIDAZOL 250 250mg,51
29,2) DROMASM FORT 80mg,36
26,1) METRONIDAZOL 250 250mg,51
31,2) DROMASM FORT 80mg,36
23,1) METRONIDAZOL 250 250mg,51
28,2) DROMASM FORT 80mg,36
22,1) METRONIDAZOL 250 250mg,51
27,2) DROMASM FORT 80mg,36
10,1) Metronidazol (Metronidazol 250) 250 mg,51
13,2) Drotaverin clohydrat (Dromasm fort) 80mg,36
13,1) Omeprazol (Kagasdine) 20mg,87
16,2) Metronidazol (Metronidazol 250) 250 mg,51
19,3) Drotaverin clohydrat (Dromasm fort) 80mg,36
23,1) KAVASDIN 5 5mg,8
27,2) PANACTOL 500mg,89
32,3) MEDIBOGAN 200mg + 150mg + 16mg,52
22,"1) NOVOXIM-500 0,5g",10
27,2) MYPARA 500 500mg,89
32,3) SETBLOOD 115mg+100mg+50mcg,104
23,1) FUDCIME 200MG 200mg,34
28,2) VIPREDNI 16MG 16mg,73
32,3) PARTAMOL TAB. 500mg,89
26,"1) KAHAGAN 0,1g+0,075g+0,075g",62
24,1) FUDCIME 200MG 200mg,34
29,2) VIPREDNI 16MG 16mg,73
33,3) PARTAMOL TAB. 500mg,89
21,"1) HAPENXIN CAPSULES 0,5g",61
26,2) PANACTOL 500mg,89
31,3) HOẠT HUYẾT DƯỠNG NÃO QN 150mg+20mg,64
12,"1) Cefalexin (Firstlexin 500) 0,5g",26
15,2) Loxoprofen (Mezafen) 60mg,78
18,"3) Đinh lăng, bạch quả (Hoạt huyết dưỡng não) 150mg+20mg",64
21,4) Loratadin (Sergurop) 10mg,70
24,5) Methyl prednisolon (Methylprednisolon 4) 4mg,74
26,1) HOẠT HUYẾT DƯỠNG NÃO 150mg+20mg,64
31,2) PARTAMOL TAB. 500mg,89
11,"1) Đinh lăng, bạch quả (Hoạt huyết dưỡng não) 150mg+20mg",64
14,2) Paracetamol (Partamol Tab.) 500mg,89
22,"1) NOVOXIM-500 0,5g",10
27,2) MYPARA 500 500mg,89
32,3) CLORPHENIRAMIN 4mg,29
37,4) VINA-AD 2000ui+ 400ui,103
23,"1) NOVOXIM-500 0,5g",10
26,2) MYPARA 500 500mg,99
29,3) METRONIDAZOL 250mg,51
33,4) SETBLOOD 115mg+100mg+50mcg,104
21,"1) CEPHALEXIN PMP 500 0,5g",26
26,2) CLORPHENIRAMIN 4mg,29
22,"1) CEFADROXIL 500MG 0,5g",19
27,2) PANACTOL 500mg,91
32,3) VIPREDNI 16MG 16mg,75
36,4) DIXIREIN 375mg,2
24,1) KAVASDIN 5 5mg,8
26,"1) KAHAGAN 0,1g+0,075g+0,075g",62
23,1) KAVASDIN 5 5mg,8
22,1) KAVASDIN 5 5mg,8
24,1) KAVASDIN 5 5mg,8
23,"1) MELOXICAM 7,5mg",81
28,2) SETBLOOD 115mg+100mg+50mcg,104
24,"1) AMOXICILLIN 500MG 0,5g",10
27,2) CLORPHENIRAMIN 4mg,29
30,3) NIFEDIPIN HASAN 20 RETARD 20mg,84
22,1) FABAMOX 500 500mg,10
25,2) TYDOL PM 500mg + 25mg,60
24,1) PANACTOL 500mg,99
29,"2) KATRYPSIN 4,2mg",7
34,"3) CEFADROXIL 500MG 0,5g",24
24,1) PANACTOL 500mg,99
29,"2) KATRYPSIN 4,2mg",7
34,"3) CEFADROXIL 500MG 0,5g",24
22,"1) HAPENXIN CAPSULES 0,5g",61
27,2) TYDOL PM 500mg + 25mg,60
32,3) SERGUROP 10mg,70
22,"1) DROXICEF 500MG 0,5g",43
25,2) MYPARA 500 500mg,89
28,3) HOẠT HUYẾT DƯỠNG NÃO 150mg+20mg,64
26,1) GLUCOFAST 500 500mg,54
25,1) LENINARTO 10 10mg,14
29,2) STACETAM 800MG 800mg,92
25,1) LENINARTO 10 10mg,14
29,2) STACETAM 800MG 800mg,92
24,"1) NOVOXIM-500 0,5g",10
29,2) MYPARA 500 500mg,89
34,3) VINA-AD 2000ui+ 400ui,103
20,"1) NOVOXIM-500 0,5g",10
25,2) MYPARA 500 500mg,89
30,3) VINA-AD 2000ui+ 400ui,103
25,"1) HAPENXIN CAPSULES 0,5g",61
30,"2) MELOXICAM 7,5mg",81
35,3) METHYLPREDNISOLON 4 4mg,74
26,"1) CEFADROXIL 500MG 0,5g",19
31,2) DIXIREIN 375mg,21
36,3) ATORIS 20MG 20mg,13
22,1) KAVASDIN 5 5mg,8
25,2) HOẠT HUYẾT DƯỠNG NÃO 150mg+20mg,64
19,1) KAVASDIN 5 5mg,8
22,2) HOẠT HUYẾT DƯỠNG NÃO 150mg+20mg,64
23,1) KAVASDIN 5 5mg,8
26,2) HOẠT HUYẾT DƯỠNG NÃO 150mg+20mg,64
19,1) KAVASDIN 5 5mg,8
22,2) HOẠT HUYẾT DƯỠNG NÃO 150mg+20mg,64
24,"1) CEFADROXIL 500MG 0,5g",43
29,2) SERGUROP 10mg,70
33,3) PANACTOL 500mg,91
24,1) GLUCOFAST 500 500mg,54
24,1) KAVASDIN 5 5mg,8
27,2) HOẠT HUYẾT DƯỠNG NÃO 150mg+20mg,64
24,1) KAVASDIN 5 5mg,8
27,2) HOẠT HUYẾT DƯỠNG NÃO 150mg+20mg,64
23,1) KAVASDIN 5 5mg,8
26,2) HOẠT HUYẾT DƯỠNG NÃO 150mg+20mg,64
27,1) DIAMICRON MR TAB 60MG 30'S 60mg,37
31,2) SAVI ACARBOSE 100 100mg,96
25,1) AMCARDIA-5 5mg,8
29,"2) XITORAN 0,5g",24
34,3) PANACTOL 500mg,91
23,"1) NOVOXIM-500 0,5g",10
28,2) MENISON 4MG 4mg,74
24,"1) CEFADROXIL 0,5g",19
29,2) BROMHEXIN ACTAVIS 8MG 8mg,59
34,3) MYPARA 500 500mg,89
39,4) MENISON 16MG 16mg,73
43,5) SETBLOOD 115mg+100mg+50mcg,104
22,"1) CEFADROXIL 0,5g",19
27,2) BROMHEXIN ACTAVIS 8MG 8mg,59
32,3) MYPARA 500 500mg,89
37,4) MENISON 16MG 16mg,73
41,5) SETBLOOD 115mg+100mg+50mcg,104
23,"1) DROXICEF 500MG 0,5g",43
28,2) PARACETAMOL 500MG 500mg,60
33,3) VINA-AD 2000ui+ 400ui,103
25,1) GLUCOFAST 500 500mg,54
30,2) GLUZITOP MR 60 60mg,38
24,1) GLUCOFAST 500 500mg,54
24,1) GLUCOFAST 500 500mg,54
29,2) GLUZITOP MR 60 60mg,38
22,1) GLUCOFAST 500 500mg,54
27,2) GLUZITOP MR 60 60mg,38
13,1) Omeprazol (Kagasdine) 20mg,87
16,2) Amoxicilin (Fabamox 500) 500mg,10
19,3) Metronidazol (Metronidazol 250) 250 mg,51
22,4) Drotaverin clohydrat (Dromasm fort) 80mg,36
24,1) COLCHICIN 1mg,30
28,2) MENISON 4MG 4mg,74
32,3) PARTAMOL TAB. 500mg,91
24,1) INGARON 200 DST 200mg,27
29,2) DIXIREIN 375mg,2
34,3) PARTAMOL TAB. 500mg,89
24,1) INGARON 200 DST 200mg,27
29,2) DIXIREIN 375mg,2
34,3) PARTAMOL TAB. 500mg,89
27,"1) EBITAC 12.5 10mg + 12,5mg",45
30,2) ATORIS 20MG 20mg,15
34,3) SAVI PROLOL 5 5mg,31
23,1) METRONIDAZOL 250 250mg,51
28,2) DROMASM FORT 80mg,36
33,3) KAGASDINE 20mg,87
24,1) AMCARDIA-5 5mg,8
28,2) MYPARA 500 500mg,90
25,1) FABAMOX 500 500mg,10
30,2) METHYLPREDNISOLON 4 4mg,76
34,3) DIXIREIN 375mg,2
22,1) GLUCOFAST 500 500mg,54
26,"1) HANGITOR PLUS 40mg+12,5mg",79
31,2) SAVI PROLOL 5 5mg,31
35,3) HOẠT HUYẾT DƯỠNG NÃO 150mg+20mg,64
25,"1) HANGITOR PLUS 40mg+12,5mg",79
29,2) SAVI PROLOL 5 5mg,31
25,"1) HANGITOR PLUS 40mg+12,5mg",79
29,2) SAVI PROLOL 5 5mg,31
25,"1) HAPENXIN CAPSULES 0,5g",61
30,2) PARTAMOL TAB. 500mg,89
35,3) METRONIDAZOL 250 250mg,51
23,"1) CEFADROXIL 500MG 0,5g",43
28,2) PANACTOL 500mg,91
33,3) GOUTCOLCIN 1mg,30
38,4) DIXIREIN 375mg,2
24,"1) CEFADROXIL 0,5g",43
29,2) VIPREDNI 16MG 16mg,73
33,3) FAMOGAST 40mg,50
21,"1) HAPENXIN CAPSULES 0,5g",26
24,2) BROMHEXIN ACTAVIS 8mg,63
27,3) TYDOL PM 500mg + 25mg,101
30,4) LIVONIC 2500mg+400mg+500mg+85mg,68
26,1) HOẠT HUYẾT DƯỠNG NÃO 150mg+20mg,64
31,2) KAGASDINE 20mg,87
23,1) METRONIDAZOL 250 250mg,51
28,2) DROMASM FORT 80mg,36
33,3) INGARON 200 DST 200mg,27
24,1) PARTAMOL TAB. 500mg,99
29,"2) STATRIPSINE 4,2mg",7
34,3) VINA-AD 2000ui+ 400ui,103
22,1) GLUCOFAST 500 500mg,54
24,"1) CEFADROXIL 500MG 0,5g",43
29,2) PARTAMOL TAB. 500mg,91
34,"3) KAHAGAN 0,1g+0,075g+0,075g",62
26,1) ENALAPRIL 5mg,46
31,2) PAMLONOR 5mg,8
36,3) PARTAMOL TAB. 500mg,91
22,1) AMOXICILIN 500MG 500mg,10
27,2) KAGASDINE 20mg,87
32,3) HOẠT HUYẾT DƯỠNG NÃO 150mg+20mg,64
22,1) AMOXICILIN 500MG 500mg,10
27,2) KAGASDINE 20mg,87
32,3) HOẠT HUYẾT DƯỠNG NÃO 150mg+20mg,64
23,1) AMOXICILIN 500MG 500mg,10
28,2) KAGASDINE 20mg,87
33,3) HOẠT HUYẾT DƯỠNG NÃO 150mg+20mg,64
22,1) AMOXICILIN 500MG 500mg,10
27,2) KAGASDINE 20mg,87
32,3) HOẠT HUYẾT DƯỠNG NÃO 150mg+20mg,64
22,"1) CEFADROXIL 0,5g",43
27,2) VIPREDNI 16MG 16mg,75
25,"1) CEFADROXIL 0,5g",43
30,2) VIPREDNI 16MG 16mg,75
24,"1) CEFADROXIL 0,5g",43
29,2) VIPREDNI 16MG 16mg,75
25,1) ENALAPRIL 5mg,46
30,2) LIVONIC 2500mg+400mg+500mg+85mg,68
22,1) GLUCOFAST 500 500mg,54
25,1) AMCARDIA-5 5mg,8
29,2) VINA-AD 2000ui+ 400ui,103
24,1) PYME DIAPRO MR 30mg,37
28,2) Bố GAN P/H 125mg+100mg+25mg,18
24,1) GOLDDICRON 30mg,37
28,"2) HANGITOR PLUS 40mg+12,5mg",79
32,3) CHORLATCYN 125mg+50mg+50mg+25mg,97
26,"1) HAPENXIN CAPSULES 0,5g",61
31,2) PARTAMOL TAB. 500mg,89
36,3) Bố GAN P/H 125mg+100mg+25mg,18
41,4) HOẠT HUYẾT DƯỠNG NÃO 150mg+20mg,64
23,"1) AMOXICILLIN 500MG 0,5g",10
26,2) CLORPHENIRAMIN 4mg,29
29,3) PARACETAMOL 500MG 500mg,99
32,4) VITAMIN C STADA 1G 1g,105
25,"1) CEFADROXIL 0,5g",43
30,2) MYPARA 500 500mg,89
35,3) MENISON 16MG 16mg,73
40,4) BROMHEXIN ACTAVIS 8MG 8mg,59
44,5) SETBLOOD 115mg+100mg+50mcg,104
23,"1) CEFACYL 500 0,5g",26
28,2) PANACTOL 500mg,88
22,"1) AMOXICILLIN 500MG 0,5g",10
25,2) PARACETAMOL 500MG 500mg,91
28,3) COSYNDO B 175mg+175mg+125mcg,104
20,"1) DROXICEF 0,5g",43
25,2) PARTAMOL TAB. 500mg,91
21,"1) DROXICEF 500MG 0,5g",43
26,2) PARTAMOL TAB. 500mg,91
26,1) MEGLUCON 1000 1000mg,56
30,2) PYME DIAPRO MR 30mg,37
34,"3) HAPENXIN CAPSULES 0,5g",61
12,1) Metformin (Meglucon 1000) 1000 mg,56
15,2) Atorvastatin (Atoris 20mg) 20mg,15
12,1) Metformin (Meglucon 1000) 1000 mg,56
15,2) Atorvastatin (Atoris 20mg) 20mg,15
22,1) CLORPHENIRAMIN 4mg,29
25,2) Bố GAN P/H 125mg+100mg+25mg,18
27,1) FABAMOX 500 500mg,10
32,2) PARTAMOL TAB. 500mg,89
37,3) METRONIDAZOL 250 250mg,51
42,4) BỐ HUYẾT ÍCH NÃO BDF 40mg+300mg,65
26,1) FABAMOX 500 500mg,10
31,2) PARTAMOL TAB. 500mg,89
36,3) METRONIDAZOL 250 250mg,51
41,4) BỐ HUYẾT ÍCH NÃO BDF 40mg+300mg,65
22,1) SAVILOSARTAN 50 50mg,72
25,2) HOẠT HUYẾT DƯỠNG NÃO 150mg+20mg,64
28,3) COSYNDO B 175mg+175mg+125mcg,104
23,1) AMOXICILIN 500MG 500mg,10
28,2) PANACTOL 500mg,88
23,"1) AMOXICILLIN 500MG 0,5g",10
28,2) PANACTOL 500mg,88
22,"1) AMOXICILLIN 500MG 0,5g",10
27,2) PANACTOL 500mg,88
23,1) GLUCOFAST 500 500mg,54
28,2) SAVI ACARBOSE 100 100mg,96
33,3) BLOZA 50mg,33
23,1) AVARINO 60mg+300mg,16
22,1) CARDILOPIN 5mg,22
26,2) HOẠT HUYẾT DƯỠNG NÃO BDF 150mg+5mg,64
22,1) CARDILOPIN 5mg,22
25,2) HOẠT HUYẾT DƯỠNG NÃO BDF 150mg+5mg,64
22,1) CARDILOPIN 5mg,22
25,2) HOẠT HUYẾT DƯỠNG NÃO BDF 150mg+5mg,64
23,1) FABAMOX 500MG 500mg,10
26,2) METRONIDAZOL 250 250mg,51
29,3) PARTAMOL TAB. 500mg,91
32,4) SERGUROP 10mg,70
11,1) Amoxicilin (Fabamox 500) 500mg,10
14,2) Metronidazol (Metronidazol 250) 250 mg,51
17,3) Omeprazol (Kagasdine) 20mg,87
20,4) Drotaverin clohydrat (Dromasm fort) 80mg,36
13,1) Amoxicilin (Fabamox 500) 500mg,10
16,2) Metronidazol (Metronidazol 250) 250 mg,51
19,3) Omeprazol (Kagasdine) 20mg,87
22,4) Drotaverin clohydrat (Dromasm fort) 80mg,36
23,1) SAVILOSARTAN 50 50mg,72
27,2) LIVONIC 2500mg+400mg+500mg+85mg,68
21,1) DROMASM FORT 80mg,48
24,2) FABAMOX 500 500mg,10
12,"1) Cefalexin (Firstlexin 500) 0,5g",26
15,2) Paracetamol (Partamol Tab.) 500mg,91
18,3) Methyl prednisolon (Methylprednisolon 4) 4mg,74
21,"4) Đinh lăng, bạch quả (Hoạt huyết dưỡng não) 150mg+20mg",64
23,"1) CEFADROXIL 0,5g",19
28,2) BROMHEXIN ACTAVIS 8MG 8mg,59
33,3) SETBLOOD 115mg+100mg+50mcg,104
38,4) MYPARA 500 500mg,89
22,1) MEDIPLEX 800mg,3
26,2) MYPARA 500 500mg,89
31,"3) CEFADROXIL 0,5g",24
24,1) GLUCOFAST 500 500mg,54
29,2) LAZIBET MR 60 60mg,38
33,3) ENALAPRIL 5mg,46
25,1) GLUCOFAST 500 500mg,54
30,2) LAZIBET MR 60 60mg,38
34,3) ENALAPRIL 5mg,46
26,1) GLUCOFAST 500 500mg,54
31,2) LAZIBET MR 60 60mg,38
35,3) ENALAPRIL 5mg,46
25,1) ENALAPRIL 5mg,46
30,2) KAVASDIN 5 5mg,8
25,1) ENALAPRIL 5mg,46
30,2) KAVASDIN 5 5mg,8
24,1) CARDILOPIN 5mg,8
28,2) HOẠT HUYẾT DƯỠNG NÃO 150mg+20mg,64
21,1) CARDILOPIN 5mg,8
25,2) HOẠT HUYẾT DƯỠNG NÃO BDF 150mg+5mg,64
23,"1) DROXICEF 0,5g",43
28,2) PARTAMOL TAB. 500mg,91
33,3) MENISON 4MG 4mg,74
19,"1) DROXICEF 0,5g",43
24,2) PARTAMOL TAB. 500mg,91
29,3) MENISON 4MG 4mg,74
20,"1) HAPENXIN CAPSULES 0,5g",61
25,2) TYDOL PM 500mg + 25mg,1
30,3) BROMHEXIN ACTAVIS 8mg,59
24,1) AMCARDIA-5 5mg,8
28,2) HOẠT HUYẾT DƯỠNG NÃO 150mg+20mg,64
28,"1) EBITAC 12.5 10mg + 12,5mg",45
32,2) SAVI PROLOL 5 5mg,31
36,3) ATORIS 20MG 20mg,15
25,1) GLUCOFAST 500 500mg,54
30,2) BLOZA 50mg,33
23,1) GLUCOFAST 500 500mg,54
28,2) BLOZA 50mg,33
26,1) GLUCOFAST 500 500mg,54
31,2) BLOZA 50mg,33
24,1) GLUCOFAST 500 500mg,54
29,2) BLOZA 50mg,33
24,1) GLUCOFAST 500 500mg,54
29,2) BLOZA 50mg,33
23,"1) CEFADROXIL 500MG 0,5g",43
28,2) PANACTOL 500mg,91
33,3) DIXIREIN 375mg,2
24,"1) CEFADROXIL 500MG 0,5g",43
29,2) PANACTOL 500mg,91
34,3) DIXIREIN 375mg,2
22,"1) CEFADROXIL 500MG 0,5g",43
27,2) PANACTOL 500mg,91
32,3) DIXIREIN 375mg,2
23,"1) CEFADROXIL 500MG 0,5g",43
28,2) PANACTOL 500mg,91
33,3) DIXIREIN 375mg,2
22,1) RENAPRIL 5MG 5mg,47
25,2) HOẠT HUYẾT DƯỠNG NÃO 150mg+20mg,64
28,3) VENRUTINE 100mg +500mg,95
24,"1) CEFADROXIL 500MG 0,5g",43
29,2) PANACTOL 500mg,91
34,3) DIXIREIN 375mg,2
24,"1) CEFADROXIL 500MG 0,5g",43
29,2) PANACTOL 500mg,91
34,3) DIXIREIN 375mg,2
24,"1) CEFADROXIL 500MG 0,5g",43
29,2) PANACTOL 500mg,91
34,3) DIXIREIN 375mg,2
23,"1) CEFADROXIL 500MG 0,5g",43
28,2) PANACTOL 500mg,91
33,3) DIXIREIN 375mg,2
22,"1) CEFADROXIL 500MG 0,5g",19
27,2) DIXIREIN 375mg,2
32,3) VIPREDNI 16MG 16mg,77
36,4) PANACTOL 500mg,91
23,1) INGARON 200 DST 200mg,27
28,2) PARTAMOL TAB. 500mg,89
33,3) DIXIREIN 375mg,2
38,4) VIPREDNI 16MG 16mg,73
24,1) METRONIDAZOL 250 250mg,51
29,2) CARUDXAN 2mg,23
33,3) FABAMOX 500 500mg,10
25,1) GLUCOFAST 500 500mg,54
30,2) ENALAPRIL 5mg,46
25,1) GLUCOFAST 500 500mg,54
30,2) ENALAPRIL 5mg,46
24,1) GLUCOFAST 500 500mg,54
29,2) ENALAPRIL 5mg,46
24,"1) CEFADROXIL 500MG 0,5g",43
29,2) SERGUROP 10mg,70
34,3) PANACTOL 500mg,91
25,"1) CEFADROXIL 0,5g",43
30,2) VIPREDNI 16MG 16mg,73
34,3) BROMHEXIN ACTAVIS 8MG 8mg,59
26,1) GLUCOFAST 500 500mg,54
31,2) ENALAPRIL 5mg,46
24,1) MYPARA 500 500mg,89
29,"2) STATRIPSINE 4,2mg",7
24,1) MYPARA 500 500mg,89
29,"2) STATRIPSINE 4,2mg",7
25,1) MYPARA 500 500mg,89
30,"2) STATRIPSINE 4,2mg",7
24,1) MYPARA 500 500mg,89
29,"2) STATRIPSINE 4,2mg",7
10,"1) Kim tiền thảo, râu ngô (Kim tiền thảo) 120mg+35mg",67
13,2) Drotaverin clohydrat (Dromasm fort) 80mg,36
11,"1) Cefalexin (Firstlexin 500) 0,5g",26
14,2) Methyl prednisolon (Methylprednisolon 4) 4mg,74
17,3) Paracetamol (Partamol Tab.) 500mg,91
10,1) Amoxicilin (Fabamox 500) 500mg,10
13,2) Paracetamol (Partamol Tab.) 500mg,91
11,1) Amoxicilin (Fabamox 500) 500mg,10
14,2) Paracetamol (Partamol Tab.) 500mg,91
10,1) Amoxicilin (Fabamox 500) 500mg,10
13,2) Paracetamol (Partamol Tab.) 500mg,91
23,"1) CEFADROXIL 0,5g",43
28,2) VIPREDNI 16MG 16mg,73
32,3) BROMHEXIN ACTAVIS 8MG 8mg,59
23,1) FABAMOX 500 500mg,10
28,2) PARTAMOL TAB. 500mg,91
11,1) Amoxicilin (Fabamox 500) 500mg,10
14,2) Paracetamol (Partamol Tab.) 500mg,91
11,1) Amoxicilin (Fabamox 500) 500mg,10
14,2) Paracetamol (Partamol Tab.) 500mg,91
10,1) Amoxicilin (Fabamox 500) 500mg,10
13,2) Paracetamol (Partamol Tab.) 500mg,91
11,1) Amoxicilin (Fabamox 500) 500mg,10
14,2) Paracetamol (Partamol Tab.) 500mg,91
11,1) Amoxicilin (Fabamox 500) 500mg,10
14,2) Paracetamol (Partamol Tab.) 500mg,91
10,1) Amoxicilin (Fabamox 500) 500mg,10
13,2) Paracetamol (Partamol Tab.) 500mg,91
13,"1) DROXICEF 0,5g",43
16,2) MENISON 4MG 4mg,74
19,3) PARTAMOL TAB. 500mg,90
25,1) ENALAPRIL 5mg,46
29,"2) AMOXICILLIN 500MG 0,5g",10
34,3) VINA-AD 2000ui+ 400ui,103
24,1) AMCARDIA-5 5mg,8
28,2) HOẠT HUYẾT DƯỠNG NÃO 150mg+20mg,64
33,3) PANACTOL 500mg,90
22,1) GLUCOFAST 850 850mg,55
27,2) LAZIBET MR 60 60mg,38
24,1) FABAMOX 500 500mg,10
29,2) METRONIDAZOL 250 250mg,51
34,3) KAGASDINE 20mg,87
38,4) HOẠT HUYẾT DƯỠNG NÃO 150mg+20mg,64
24,1) FABAMOX 500 500mg,10
29,2) METRONIDAZOL 250 250mg,51
34,3) KAGASDINE 20mg,87
38,4) HOẠT HUYẾT DƯỠNG NÃO 150mg+20mg,64
26,1) PYME DIAPRO MR 30mg,37
29,2) ENALAPRIL 5mg,46
34,3) PAMLONOR 5mg,8
39,4) HOẠT HUYẾT DƯỠNG NÃO 150mg+20mg,64
26,1) ENALAPRIL 5mg,46
31,2) INBACID 10 10mg,12
24,1) ENALAPRIL 5mg,46
29,2) INBACID 10 10mg,12
26,1) ENALAPRIL 5mg,46
31,2) INBACID 10 10mg,12
22,"1) XITORAN 0,5g",24
24,1) KAVASDIN 5 5mg,8
27,2) HOẠT HUYẾT DƯỠNG NÃO 150mg+20mg,64
30,3) MYPARA 500 500mg,89
24,1) PARACETAMOL 500MG 500mg,99
29,2) VINA-AD 2000ui+ 400ui,103
22,1) PARACETAMOL 500MG 500mg,99
27,2) VINA-AD 2000ui+ 400ui,103
23,1) GLUCOFAST 850 850mg,55
28,2) LAZIBET MR 60 60mg,38
13,"1) Telmisartan % hydroclorothiazid (Hangitor plus) 40mg+12,5mg",79
16,"2) Đinh lăng, bạch quả (Hoạt huyết dưỡng não) 150mg+20mg",64
19,3) Atorvastatin (Atoris 20mg) 20mg,15
13,"1) Telmisartan % hydroclorothiazid (Hangitor plus) 40mg+12,5mg",79
16,"2) Đinh lăng, bạch quả (Hoạt huyết dưỡng não) 150mg+20mg",64
19,3) Atorvastatin (Atoris 20mg) 20mg,15
13,"1) Telmisartan % hydroclorothiazid (Hangitor plus) 40mg+12,5mg",79
16,"2) Đinh lăng, bạch quả (Hoạt huyết dưỡng não) 150mg+20mg",64
19,3) Atorvastatin (Atoris 20mg) 20mg,15
23,"1) STATRIPSINE 4,2mg",7
28,2) PARTAMOL TAB. 500mg,91
23,1) BLOZA 50mg,33
27,"2) HAPENXIN CAPSULES 0,5g",26
32,3) BROMHEXIN ACTAVIS 8mg,59
24,"1) AMOXICILLIN 500MG 0,5g",10
27,2) PARACETAMOL 500MG 500mg,91
23,"1) CEFADROXIL 0,5g",43
28,2) MYPARA 500 500mg,89
33,"3) ALFACHIM 4,2mg",28
23,"1) NOVOXIM-500 0,5g",10
28,2) METRONIDAZOL 250mg,51
33,3) MYPARA 500 500mg,99
23,"1) NOVOXIM-500 0,5g",10
28,2) METRONIDAZOL 250mg,51
33,3) MYPARA 500 500mg,99
22,1) STACETAM 800MG 800mg,92
24,1) GLUCOFAST 850 850mg,55
29,2) LAZIBET MR 60 60mg,38
23,1) STACETAM 800MG 800mg,92
23,1) STACETAM 800MG 800mg,92
24,"1) DROXICEF 500MG 0,5g",43
22,"1) DROXICEF 500MG 0,5g",43
29,1) ENALAPRIL 5mg,46
33,2) HOẠT HUYẾT DƯỠNG NÃO 150mg+20mg,64
39,3) INBACID 10 10mg,12
27,1) LIVONIC 2500mg+400mg+500mg+85mg,68
22,"1) CEPHALEXIN PMP 500 0,5g",26
27,2) TYDOL PM 500mg + 25mg,60
21,"1) CEPHALEXIN PMP 500 0,5g",26
26,2) TYDOL PM 500mg + 25mg,60
22,"1) CEPHALEXIN PMP 500 0,5g",26
27,2) TYDOL PM 500mg + 25mg,60
19,"1) CEPHALEXIN PMP 500 0,5g",26
22,2) TYDOL PM 500mg + 25mg,60
22,1) GLUCOFAST 850 850mg,55
27,2) LAZIBET MR 60 60mg,38
20,1) OTDXICAM 7.5mg,81
23,2) PARTAMOL TAB. 500mg,89
24,1) DICLOFENAC 50mg,39
27,2) MYPARA 500 500mg,89
30,3) HOẠT HUYẾT DƯỠNG NÃO 150mg+20mg,64
24,"1) CEFACYL 500 0,5g",26
29,2) PARACETAMOL 500MG 500mg,91
23,"1) CEFACYL 500 0,5g",26
28,2) PARACETAMOL 500MG 500mg,91
23,"1) CEFACYL 500 0,5g",26
28,2) PARACETAMOL 500MG 500mg,91
23,"1) CEFACYL 500 0,5g",26
28,2) PARACETAMOL 500MG 500mg,91
23,1) VIPREDNI 16MG 16mg,73
27,2) PANACTOL 500mg,89
23,1) METFORMIN 500 500mg,54
28,2) LAZIBET MR 60 60mg,38
24,1) METFORMIN 500 500mg,54
29,2) LAZIBET MR 60 60mg,38
24,1) METFORMIN 500 500mg,54
29,2) LAZIBET MR 60 60mg,38
22,1) GLUCOFAST 850 850mg,55
27,2) LAZIBET MR 60 60mg,38
24,1) METFORMIN 500 500mg,54
29,2) LAZIBET MR 60 60mg,38
23,1) METFORMIN 500 500mg,54
28,2) LAZIBET MR 60 60mg,38
24,1) METFORMIN 500 500mg,54
29,2) LAZIBET MR 60 60mg,38
27,1) METFORMIN 500 500mg,54
32,2) LAZIBET MR 60 60mg,38
24,1) METFORMIN 500 500mg,54
29,2) LAZIBET MR 60 60mg,38
22,1) METFORMIN 500 500mg,54
27,2) LAZIBET MR 60 60mg,38
23,1) INGARON 200 DST 200mg,27
28,2) PARTAMOL TAB. 500mg,89
33,3) MENISON 16MG 16mg,73
38,4) COSYNDO B 175mg+175mg+125mcg,104
20,1) BLOZA 50mg,33
23,2) FABAMOX 500 500mg,10
26,3) SERGUROP 10mg,5
26,"1) HANGITOR PLUS 40mg+12,5mg",79
30,2) ATORIS 20MG 20mg,15
34,3) KAGASDINE 20mg,87
20,"1) CEPHALEXIN PMP 500 0,5g",26
23,2) SERGUROP 10mg,70
23,1) GLUCOFAST 850 850mg,55
28,2) LAZIBET MR 60 60mg,38
11,1) Metformin (Metformin 500) 500mg,54
14,2) Gliclazid (Golddicron) 30mg,42
17,3) Atorvastatin (Atoris 20mg) 20mg,15
21,1) AMOXICILIN 500MG 500mg,10
22,"1) HAPENXIN CAPSULES 0,5g",61
27,2) BROMHEXIN ACTAVIS 8mg,59
32,3) TYDOL PM 500mg + 25mg,60
23,1) ENALAPRIL 5mg,46
28,2) KAGASDINE 20mg,87
33,3) SPASVINA 40mg,94
38,4) METRONIDAZOL 250 250mg,51
28,1) ENALAPRIL 5mg,46
33,2) KAVASDIN 5 5mg,8
38,"3) SAVIPROLOL 2,5 2,5mg",41
11,1) Gliclazid (Golddicron) 30mg,37
14,"2) Đinh lăng, bạch quả (Hoạt huyết dưỡng não) 150mg+20mg",64
13,1) Metronidazol (Metronidazol 250) 250 mg,51
16,2) Omeprazol (Kagasdine) 20mg,87
19,3) Drotaverin clohydrat (Dromasm fort) 80mg,36
22,4) Amoxicilin (Fabamox 500) 500mg,10
24,1) PANACTOL 500mg,89
23,1) PANACTOL 500mg,89
22,1) PANACTOL 500mg,89
25,1) GLUCOFAST 850 850mg,57
23,1) PANACTOL 500mg,89
22,"1) CEFACYL 500 0,5g",26
27,2) HOẠT HUYẾT DƯỠNG NÃO BDF 150mg+5mg,64
32,3) PARACETAMOL 500MG 500mg,91
28,1) FABAMOX 500 500mg,10
33,2) PARTAMOL TAB. 500mg,89
38,3) HOẠT HUYẾT DƯỠNG NÃO 150mg+20mg,64
43,4) KAGASDINE 20mg,87
12,"1) Telmisartan % hydroclorothiazid (Hangitor plus) 40mg+12,5mg",79
10,"1) Telmisartan % hydroclorothiazid (Hangitor plus) 40mg+12,5mg",79
25,"1) HANGITOR PLUS 40mg+12,5mg",79
30,"1) HANGITOR PLUS 40mg+12,5mg",79
25,"1) HANGITOR PLUS 40mg+12,5mg",79
22,"1) AMOXICILLIN 500MG 0,5g",10
27,2) PARACETAMOL 500MG 500mg,91
32,3) CHORLATCYN 125mg;50mg;50mg;25mg,97
11,"1) Cefalexin (Firstlexin 500) 0,5g",26
14,2) Methyl prednisolon (Methylprednisolon 4) 4mg,74
17,3) Loratadin (Sergurop) 10mg,70
20,4) Omeprazol (Kagasdine) 20mg,87
22,1) GLUCOFAST 850 850mg,57
22,"1) CEPHALEXIN PMP 500 0,5g",26
27,2) CHORLATCYN 125mg+50mg+50mg+25mg,97
23,"1) ALFACHIM 4,2mg",28
26,1) FABAMOX 500 500mg,10
31,2) DIXIREIN 375mg,2
36,3) PARTAMOL TAB. 500mg,91
24,"1) CEFADROXIL 0,5g",19
29,2) MENISON 16MG 16mg,73
33,3) BROMHEXIN ACTAVIS 8MG 8mg,59
38,4) MYPARA 500 500mg,89
43,5) COSYNDO B 175mg+175mg+125mcg,104
23,"1) CEFADROXIL 500MG 0,5g",43
28,2) DIXIREIN 375mg,21
25,"1) CEFADROXIL 500MG 0,5g",43
30,2) DIXIREIN 375mg,21
21,"1) CEFADROXIL 500MG 0,5g",43
26,2) DIXIREIN 375mg,21
12,1) Paracetamol (Partamol Tab.) 500mg,99
15,2) Amoxicilin (Fabamox 500) 500mg,10
24,"1) HAPENXIN CAPSULES 0,5g",61
29,2) PARTAMOL TAB. 500mg,89
34,"3) KATRYPSIN 4,2mg",7
22,1) SERGUROP 10mg,70
27,2) CHORLATCYN 125mg+50mg+50mg+25mg,97
24,"1) CEFADROXIL 500MG 0,5g",43
29,2) SERGUROP 10mg,70
34,3) PANACTOL 500mg,91
23,1) GLUCOFAST 850 850mg,57
29,1) GOLDDICRON 30mg,37
33,2) CHORLATCYN 125mg+50mg+50mg+25mg,97
23,"1) EBITAC 12.5 10mg + 12,5mg",45
23,1) PARTAMOL TAB. 500mg,99
28,"2) CEFADROXIL 500MG 0,5g",24
24,1) PARTAMOL TAB. 500mg,99
29,"2) CEFADROXIL 500MG 0,5g",24
21,1) PAMLONOR 5mg,8
26,1) PAMLONOR 5mg,8
23,"1) ALFACHIM 4,2mg",28
28,2) MYPARA 500 500mg,89
26,1) MEGLUCON 1000 1000mg,56
31,2) ENALAPRIL 5mg,46
35,"3) HAPENXIN CAPSULES 0,5g",61
22,"1) HAPENXIN CAPSULES 0,5g",61
27,2) MEZAFEN 60mg,78
32,3) HOẠT HUYẾT DƯỠNG NÃO 150mg+20mg,64
12,1) Amoxicilin (Fabamox 500) 500mg,10
15,2) Methyl prednisolon (Methylprednisolon 4) 4mg,76
18,3) Paracetamol (Partamol Tab.) 500mg,91
22,1) GLUCOFAST 850 850mg,57
12,1) Amoxicilin (Fabamox 500) 500mg,10
15,2) Methyl prednisolon (Methylprednisolon 4) 4mg,76
18,3) Paracetamol (Partamol Tab.) 500mg,91
11,1) Amoxicilin (Fabamox 500) 500mg,10
14,2) Methyl prednisolon (Methylprednisolon 4) 4mg,76
17,3) Paracetamol (Partamol Tab.) 500mg,91
20,"1) NOVOXIM-500 0,5g",10
23,2) METRONIDAZOL 250mg,51
26,3) PARTAMOL TAB. 500mg,99
20,1) AMOXICILIN 500MG 500mg,10
23,2) PANACTOL 500mg,91
26,3) AMCARDIA-5 5mg,8
29,4) HOẠT HUYẾT DƯỠNG NÃO 150mg+20mg,64
21,"1) CEFADROXIL 0,5g",19
26,2) MYPARA 500 500mg,91
24,"1) CEFADROXIL 0,5g",19
29,2) MYPARA 500 500mg,91
24,"1) CEFADROXIL 0,5g",19
29,2) MYPARA 500 500mg,91
23,"1) CEFADROXIL 0,5g",19
28,2) MYPARA 500 500mg,91
13,1) Metformin (Meglucon 1000) 1000 mg,56
16,"2) Đinh lăng, bạch quả (Hoạt huyết dưỡng não) 150mg+20mg",64
12,1) Metformin (Meglucon 1000) 1000 mg,56
15,"2) Đinh lăng, bạch quả (Hoạt huyết dưỡng não) 150mg+20mg",64
24,1) GLUCOFAST 850 850mg,57
11,1) Metformin (Meglucon 1000) 1000 mg,56
14,"2) Đinh lăng, bạch quả (Hoạt huyết dưỡng não) 150mg+20mg",64
23,"1) CEFACYL 500 0,5g",26
28,2) PARACETAMOL 500MG 500mg,91
33,3) HOẠT HUYẾT DƯỠNG NÃO 150mg+20mg,64
22,1) FABAMOX 500 500mg,10
27,2) PANACTOL 500mg,90
25,"1) CEFADROXIL 0,5g",43
30,2) VIPREDNI 16MG 16mg,75
35,3) GLUCOFAST 850 850mg,53
40,4) ENALAPRIL 5mg,46
10,1) Metronidazol (Metronidazol 250) 250 mg,51
13,2) Paracetamol (Partamol Tab.) 500mg,99
21,"1) AMOXICILLIN 500MG 0,5g",10
26,2) VACO LORATADINE 10mg,71
31,3) HOẠT HUYẾT DƯỠNG NÃO 150mg+20mg,64
23,1) CEFADROXIL 500MG 500mg,19
26,2) COSYNDO B 175mg+175mg+125mcg,104
23,1) MYPARA 500 500mg,99
28,"2) CEFADROXIL 0,5g",24
24,1) ENALAPRIL 5mg,46
28,2) PANACTOL 500mg,91
23,1) ENALAPRIL 5mg,46
27,2) PANACTOL 500mg,91
22,1) GLUCOFAST 850 850mg,57
30,1) MEGLUCON 1000 1000mg,56
34,2) PYME DIAPRO MR 30mg,37
38,3) HOẠT HUYẾT DƯỠNG NÃO 150mg+20mg,64
27,1) CHORLATCYN 125mg+50mg+50mg+25mg,97
32,2) ATORIS 20MG 20mg,15
22,"1) CEFADROXIL 500MG 0,5g",43
27,2) PANACTOL 500mg,91
32,3) VIPREDNI 16MG 16mg,75
22,"1) CEFADROXIL 500MG 0,5g",43
27,2) PANACTOL 500mg,91
32,3) VIPREDNI 16MG 16mg,75
24,"1) CEFADROXIL 500MG 0,5g",43
29,2) PANACTOL 500mg,91
34,3) VIPREDNI 16MG 16mg,75
21,1) FABAMOX 500 500mg,10
24,2) DROMASM FORT 80mg,36
27,3) CHORLATCYN 125mg+50mg+50mg+25mg,97
30,1) ENALAPRIL 5mg,46
35,2) PAMLONOR 5mg,8
40,3) INBACID 10 10mg,14
26,1) FABAMOX 500 500mg,10
22,1) FABAMOX 500 500mg,10
22,"1) AMOXICILLIN 500MG 0,5g",10
27,2) PANACTOL 500mg,91
32,3) COSYNDO B 175mg+175mg+125mcg,104
22,1) GLUCOFAST 850 850mg,57
27,"1) EBITAC 12.5 10mg + 12,5mg",45
30,2) BỐ HUYẾT ÍCH NÃO BDF 40mg+300mg,65
21,"1) HAPENXIN CAPSULES 0,5g",61
26,2) CLORPHENIRAMIN 4mg,29
31,3) PANACTOL 500mg,89
26,1) ENALAPRIL 5mg,46
31,2) SAVI PROLOL 5 5mg,31
30,1) MEGLUCON 1000 1000mg,56
35,2) KAVASDIN 5 5mg,8
22,"1) HAPENXIN CAPSULES 0,5g",61
25,2) VIPREDNI 16MG 16mg,73
28,3) SERGUROP 10mg,70
21,"1) AMOXICILLIN 500MG 0,5g",10
26,2) PARACETAMOL 500MG 500mg,91
31,3) HOẠT HUYẾT DƯỠNG NÃO 150mg+20mg,64
37,4) COSYNDO B 175mg+175mg+125mcg,104
25,1) KAGASDINE 20mg,87
30,2) DROMASM FORT 80mg,36
21,1) VINA-AD 2000ui+ 400ui,103
26,2) HOẠT HUYẾT DƯỠNG NÃO 150mg+20mg,64
25,1) MEZAFEN 60mg,40
29,2) FABAMOX 500 500mg,10
25,"1) HAPENXIN CAPSULES 0,5g",61
30,2) PARTAMOL TAB. 500mg,89
35,3) DIXIREIN 375mg,2
24,1) GLUCOFAST 850 850mg,57
24,"1) CEFADROXIL 500MG 0,5g",19
29,2) DIXIREIN 375mg,21
34,3) PANACTOL 500mg,91
39,4) VIPREDNI 16MG 16mg,77
22,"1) CEFADROXIL 500MG 0,5g",19
27,2) DIXIREIN 375mg,21
32,3) PANACTOL 500mg,91
37,4) VIPREDNI 16MG 16mg,77
10,"1) Telmisartan % hydroclorothiazid (Hangitor plus) 40mg+12,5mg",79
13,"2) Kim tiền thảo, râu ngô (Kim tiền thảo) 120mg+35mg",67
19,1) CEFIXIM 200 200mg,17
22,2) PARACETAMOL 500MG 500mg,91
20,1) CEFIXIM 200 200mg,17
23,2) PARACETAMOL 500MG 500mg,91
22,1) AMOXICILIN 500MG 500mg,10
25,2) MYPARA 500 500mg,89
22,1) LAZIBET MR 60 60mg,38
22,1) LAZIBET MR 60 60mg,38
23,1) LAZIBET MR 60 60mg,38
22,1) LAZIBET MR 60 60mg,38
24,1) GLUCOFAST 850 850mg,57
23,1) LAZIBET MR 60 60mg,38
22,1) LAZIBET MR 60 60mg,38
26,1) LAZIBET MR 60 60mg,38
29,"2) EBITAC 12.5 10mg + 12,5mg",45
22,"1) NOVOXIM-500 0,5g",10
27,2) PARTAMOL TAB. 500mg,99
32,3) COSYNDO B 175mg+175mg+125mcg,104
20,"1) XITORAN 0,5g",24
25,2) HOẠT HUYẾT DƯỠNG NÃO 150mg+20mg,64
23,"1) CEFADROXIL 500MG 0,5g",19
28,2) DIXIREIN 375mg,2
33,3) MENISON 4MG 4mg,74
25,"1) CEFADROXIL 0,5g",19
30,2) METRONIDAZOL 250 250mg,51
23,"1) XITORAN 0,5g",24
26,2) MYPARA 500 500mg,89
23,1) PANACTOL 500mg,99
28,2) HOẠT HUYẾT DƯỠNG NÃO QN 150mg+20mg,64
22,"1) NOVOXIM-500 0,5g",10
25,2) METRONIDAZOL 250mg,51
28,3) VENRUTINE 100mg +500mg,95
24,1) MYPARA 500 500mg,99
29,"2) ALFACHIM 4,2mg",28
11,"1) Cefalexin (Firstlexin 500) 0,5g",26
14,2) Carbocistein (Anpemux) 250mg,2
17,"3) Đinh lăng, bạch quả (Hoạt huyết dưỡng não) 150mg+20mg",64
23,1) SETBLOOD 115mg+100mg+50mcg,104
25,1) ENALAPRIL 5mg,46
30,2) PAMLONOR 5mg,8
25,1) ENALAPRIL 5mg,46
30,2) PAMLONOR 5mg,8
25,1) ENALAPRIL 5mg,46
30,2) PAMLONOR 5mg,8
25,1) ENALAPRIL 5mg,46
30,2) PAMLONOR 5mg,8
29,1) ENALAPRIL 5mg,46
34,2) PAMLONOR 5mg,8
25,1) KAVASDIN 5 5mg,8
29,2) HOẠT HUYẾT DƯỠNG NÃO 150mg+20mg,64
34,3) PANACTOL 500mg,89
22,"1) AMOXICILLIN 500MG 0,5g",10
25,2) VACO LORATADINE 10mg,71
28,3) PARACETAMOL 500MG 500mg,99
31,4) COSYNDO B 175mg+175mg+125mcg,32
23,1) KAVASDIN 5 5mg,8
27,2) PANACTOL 500mg,89
32,3) HOẠT HUYẾT DƯỠNG NÃO BDF 150mg+5mg,64
23,1) MYPARA 500 500mg,99
28,"2) ALFACHIM 4,2mg",28
21,"1) NOVOXIM-500 0,5g",10
24,2) MYPARA 500 500mg,89
21,"1) NOVOXIM-500 0,5g",10
24,2) MYPARA 500 500mg,89
22,"1) CEFADROXIL 500MG 0,5g",43
27,2) PARTAMOL TAB. 500mg,91
32,3) DIXIREIN 375mg,2
25,"1) CEFADROXIL 500MG 0,5g",43
30,2) PARTAMOL TAB. 500mg,91
35,3) DIXIREIN 375mg,2
22,"1) AMOXICILLIN 500MG 0,5g",10
25,2) PARACETAMOL 500MG 500mg,99
28,3) C1000 FLOODE 1g,106
21,"1) AMOXICILLIN 500MG 0,5g",10
24,2) PARACETAMOL 500MG 500mg,99
27,3) C1000 FLOODE 1g,106
23,1) FABAMOX 500 500mg,10
28,2) PANACTOL 500mg,90
33,3) HOẠT HUYẾT DƯỠNG NÃO 150mg+20mg,64
23,1) CEFADROXIL 500MG 500mg,19
26,2) PANACTOL 500mg,91
29,"3) STATRIPSINE 4,2mg",7
32,4) COSYNDO B 175mg+175mg+125mcg,104
22,"1) CEFACYL 500 0,5g",26
27,2) SERGUROP 10mg,5
31,3) PARACETAMOL 500MG 500mg,99
25,1) AMCARDIA-5 5mg,8
22,"1) CEFADROXIL 0,5g",43
27,2) MYPARA 500 500mg,89
32,3) BROMHEXIN ACTAVIS 8MG 8mg,59
37,4) C1000 FLOODE 1g,106
24,1) AMCARDIA-5 5mg,8
24,1) AMCARDIA-5 5mg,8
24,1) AMCARDIA-5 5mg,8
23,1) AMCARDIA-5 5mg,8
25,1) AMCARDIA-5 5mg,8
25,1) AMCARDIA-5 5mg,8
25,1) AMCARDIA-5 5mg,8
24,1) AMCARDIA-5 5mg,8
26,1) LAZIBET MR 60 60mg,38
30,2) ENALAPRIL 5mg,46
25,"1) CEFADROXIL 500MG 0,5g",43
30,2) PARTAMOL TAB. 500mg,91
